Date,Service description,Service ID,List cost ($),Negotiated savings ($),Savings programs ($),Other savings ($),Unrounded subtotal ($),Subtotal ($)
2026-06-01,Gemini API,AEFD-7695-64FA,48.11,0.00,0.00,0.00,48.109555,48.11
2026-06-01,App Engine,F17B-412E-CB64,2.36,0.00,0.00,0.00,2.364437,2.36
2026-06-01,Cloud Run,152E-C115-5142,3.75,0.00,0.00,-2.18,1.561518,1.56
2026-06-01,Cloud Memorystore for Redis,5AF5-2C11-D467,1.25,0.00,0.00,0.00,1.252166,1.25
2026-06-01,Artifact Registry,149C-F9EC-3994,0.95,0.00,0.00,0.00,0.951575,0.95
2026-06-01,Cloud Build,8B5D-EF7D-EB12,0.00,0.00,0.00,0.00,0.001531,0.00
2026-06-01,Networking,E505-1604-58F8,0.09,0.00,0.00,-0.09,0.000000,0.00
2026-05-31,Gemini API,AEFD-7695-64FA,183.33,0.00,0.00,0.00,183.327020,183.33
2026-05-31,Cloud Run,152E-C115-5142,6.63,0.00,0.00,0.00,6.634136,6.63
2026-05-31,App Engine,F17B-412E-CB64,3.28,0.00,0.00,0.00,3.283915,3.28
2026-05-31,Cloud Build,8B5D-EF7D-EB12,2.39,0.00,0.00,0.00,2.386084,2.39
2026-05-31,Cloud Memorystore for Redis,5AF5-2C11-D467,2.35,0.00,0.00,0.00,2.351987,2.35
2026-05-31,Artifact Registry,149C-F9EC-3994,1.95,0.00,0.00,0.00,1.949637,1.95
2026-05-31,Cloud Storage,95FF-2EF5-5EA1,1.75,0.00,0.00,0.00,1.747277,1.75
2026-05-31,Secret Manager,EE82-7A5E-871C,0.18,0.00,0.00,0.00,0.184338,0.18
2026-05-31,Compute Engine,6F81-5844-456A,0.14,0.00,0.00,0.00,0.140311,0.14
2026-05-31,Networking,E505-1604-58F8,0.14,0.00,0.00,-0.14,0.000000,0.00
2026-05-30,Gemini API,AEFD-7695-64FA,146.64,0.00,0.00,0.00,146.644139,146.64
2026-05-30,Cloud Run,152E-C115-5142,6.43,0.00,0.00,0.00,6.432972,6.43
2026-05-30,Cloud Memorystore for Redis,5AF5-2C11-D467,2.35,0.00,0.00,0.00,2.351991,2.35
2026-05-30,Artifact Registry,149C-F9EC-3994,2.05,0.00,0.00,0.00,2.048434,2.05
2026-05-30,App Engine,F17B-412E-CB64,1.67,0.00,0.00,0.00,1.666241,1.67
2026-05-30,Cloud Storage,95FF-2EF5-5EA1,1.38,0.00,0.00,0.00,1.377326,1.38
2026-05-30,Cloud Build,8B5D-EF7D-EB12,0.94,0.00,0.00,0.00,0.936667,0.94
2026-05-30,Secret Manager,EE82-7A5E-871C,0.18,0.00,0.00,0.00,0.179626,0.18
2026-05-30,Compute Engine,6F81-5844-456A,0.14,0.00,0.00,0.00,0.140310,0.14
2026-05-30,Networking,E505-1604-58F8,0.14,0.00,0.00,-0.14,0.000000,0.00
2026-05-29,Gemini API,AEFD-7695-64FA,315.36,0.00,0.00,0.00,315.362435,315.36
2026-05-29,Cloud Run,152E-C115-5142,6.81,0.00,0.00,0.00,6.814319,6.81
2026-05-29,Cloud Memorystore for Redis,5AF5-2C11-D467,2.35,0.00,0.00,0.00,2.351989,2.35
2026-05-29,Cloud Build,8B5D-EF7D-EB12,2.26,0.00,0.00,0.00,2.263974,2.26
2026-05-29,Artifact Registry,149C-F9EC-3994,2.08,0.00,0.00,0.00,2.075748,2.08
2026-05-29,Cloud Storage,95FF-2EF5-5EA1,1.92,0.00,0.00,0.00,1.920332,1.92
2026-05-29,App Engine,F17B-412E-CB64,1.88,0.00,0.00,0.00,1.877066,1.88
2026-05-29,Secret Manager,EE82-7A5E-871C,0.18,0.00,0.00,0.00,0.184131,0.18
2026-05-29,Compute Engine,6F81-5844-456A,0.14,0.00,0.00,0.00,0.140312,0.14
2026-05-29,Networking,E505-1604-58F8,0.14,0.00,0.00,-0.14,0.000000,0.00
2026-05-28,Gemini API,AEFD-7695-64FA,66.12,0.00,0.00,0.00,66.118774,66.12
2026-05-28,Cloud Run,152E-C115-5142,6.62,0.00,0.00,0.00,6.617782,6.62
2026-05-28,Cloud Memorystore for Redis,5AF5-2C11-D467,2.35,0.00,0.00,0.00,2.351994,2.35
2026-05-28,Artifact Registry,149C-F9EC-3994,2.05,0.00,0.00,0.00,2.047145,2.05
2026-05-28,Cloud Build,8B5D-EF7D-EB12,2.01,0.00,0.00,0.00,2.006458,2.01
2026-05-28,Cloud Storage,95FF-2EF5-5EA1,1.76,0.00,0.00,0.00,1.764776,1.76
2026-05-28,App Engine,F17B-412E-CB64,1.48,0.00,0.00,0.00,1.481512,1.48
2026-05-28,Secret Manager,EE82-7A5E-871C,0.18,0.00,0.00,0.00,0.182555,0.18
2026-05-28,Compute Engine,6F81-5844-456A,0.14,0.00,0.00,0.00,0.140301,0.14
2026-05-28,Networking,E505-1604-58F8,0.14,0.00,0.00,-0.14,0.000000,0.00
2026-05-27,Gemini API,AEFD-7695-64FA,45.57,0.00,0.00,0.00,45.571898,45.57
2026-05-27,Cloud Run,152E-C115-5142,6.45,0.00,0.00,0.00,6.453429,6.45
2026-05-27,Cloud Memorystore for Redis,5AF5-2C11-D467,2.35,0.00,0.00,0.00,2.351993,2.35
2026-05-27,Artifact Registry,149C-F9EC-3994,2.03,0.00,0.00,0.00,2.028308,2.03
2026-05-27,Cloud Build,8B5D-EF7D-EB12,1.67,0.00,0.00,0.00,1.672764,1.67
2026-05-27,Cloud Storage,95FF-2EF5-5EA1,1.57,0.00,0.00,0.00,1.573381,1.57
2026-05-27,App Engine,F17B-412E-CB64,1.44,0.00,0.00,0.00,1.440832,1.44
2026-05-27,Secret Manager,EE82-7A5E-871C,0.18,0.00,0.00,0.00,0.181627,0.18
2026-05-27,Compute Engine,6F81-5844-456A,0.14,0.00,0.00,0.00,0.140313,0.14
2026-05-27,Networking,E505-1604-58F8,0.14,0.00,0.00,-0.14,0.000000,0.00
2026-05-26,Gemini API,AEFD-7695-64FA,129.41,0.00,0.00,0.00,129.412289,129.41
2026-05-26,Cloud Run,152E-C115-5142,6.73,0.00,0.00,0.00,6.725414,6.73
2026-05-26,Cloud Memorystore for Redis,5AF5-2C11-D467,2.35,0.00,0.00,0.00,2.351987,2.35
2026-05-26,Cloud Build,8B5D-EF7D-EB12,2.29,0.00,0.00,0.00,2.292099,2.29
2026-05-26,Artifact Registry,149C-F9EC-3994,2.03,0.00,0.00,0.00,2.032636,2.03
2026-05-26,Cloud Storage,95FF-2EF5-5EA1,1.74,0.00,0.00,0.00,1.737434,1.74
2026-05-26,App Engine,F17B-412E-CB64,1.46,0.00,0.00,0.00,1.462135,1.46
2026-05-26,Secret Manager,EE82-7A5E-871C,0.18,0.00,0.00,0.00,0.183701,0.18
2026-05-26,Compute Engine,6F81-5844-456A,0.14,0.00,0.00,0.00,0.140298,0.14
2026-05-26,Networking,E505-1604-58F8,0.14,0.00,0.00,-0.14,0.000000,0.00
2026-05-25,Gemini API,AEFD-7695-64FA,92.62,0.00,0.00,0.00,92.624877,92.62
2026-05-25,Cloud Run,152E-C115-5142,6.59,0.00,0.00,0.00,6.590285,6.59
2026-05-25,Cloud Build,8B5D-EF7D-EB12,2.42,0.00,0.00,0.00,2.415475,2.42
2026-05-25,Cloud Memorystore for Redis,5AF5-2C11-D467,2.35,0.00,0.00,0.00,2.351988,2.35
2026-05-25,Artifact Registry,149C-F9EC-3994,1.91,0.00,0.00,0.00,1.911995,1.91
2026-05-25,Cloud Storage,95FF-2EF5-5EA1,1.83,0.00,0.00,0.00,1.829670,1.83
2026-05-25,App Engine,F17B-412E-CB64,1.43,0.00,0.00,0.00,1.432565,1.43
2026-05-25,Secret Manager,EE82-7A5E-871C,0.18,0.00,0.00,0.00,0.181276,0.18
2026-05-25,Compute Engine,6F81-5844-456A,0.14,0.00,0.00,0.00,0.140302,0.14
2026-05-25,Networking,E505-1604-58F8,0.14,0.00,0.00,-0.14,0.000000,0.00
2026-05-24,Gemini API,AEFD-7695-64FA,167.78,0.00,0.00,0.00,167.777290,167.78
2026-05-24,Cloud Run,152E-C115-5142,6.78,0.00,0.00,0.00,6.784381,6.78
2026-05-24,Cloud Build,8B5D-EF7D-EB12,3.04,0.00,0.00,0.00,3.037093,3.04
2026-05-24,Cloud Memorystore for Redis,5AF5-2C11-D467,2.35,0.00,0.00,0.00,2.351987,2.35
2026-05-24,Artifact Registry,149C-F9EC-3994,2.08,0.00,0.00,0.00,2.084233,2.08
2026-05-24,Cloud Storage,95FF-2EF5-5EA1,2.07,0.00,0.00,0.00,2.071097,2.07
2026-05-24,App Engine,F17B-412E-CB64,1.50,0.00,0.00,0.00,1.503389,1.50
2026-05-24,Secret Manager,EE82-7A5E-871C,0.18,0.00,0.00,0.00,0.182377,0.18
2026-05-24,Compute Engine,6F81-5844-456A,0.14,0.00,0.00,0.00,0.140304,0.14
2026-05-24,Networking,E505-1604-58F8,0.14,0.00,0.00,-0.14,0.000000,0.00
2026-05-23,Gemini API,AEFD-7695-64FA,319.46,0.00,0.00,0.00,319.456658,319.46
2026-05-23,Artifact Registry,149C-F9EC-3994,7.41,0.00,0.00,0.00,7.413795,7.41
2026-05-23,Cloud Run,152E-C115-5142,6.84,0.00,0.00,0.00,6.840245,6.84
2026-05-23,Cloud Build,8B5D-EF7D-EB12,3.11,0.00,0.00,0.00,3.106550,3.11
2026-05-23,Cloud Memorystore for Redis,5AF5-2C11-D467,2.35,0.00,0.00,0.00,2.351987,2.35
2026-05-23,App Engine,F17B-412E-CB64,2.29,0.00,0.00,0.00,2.290682,2.29
2026-05-23,Cloud Storage,95FF-2EF5-5EA1,2.08,0.00,0.00,0.00,2.081852,2.08
2026-05-23,Secret Manager,EE82-7A5E-871C,0.18,0.00,0.00,0.00,0.183457,0.18
2026-05-23,Compute Engine,6F81-5844-456A,0.14,0.00,0.00,0.00,0.140300,0.14
2026-05-23,Networking,E505-1604-58F8,0.14,0.00,0.00,-0.14,0.000000,0.00
2026-05-22,Gemini API,AEFD-7695-64FA,91.81,0.00,0.00,0.00,91.812542,91.81
2026-05-22,Artifact Registry,149C-F9EC-3994,7.50,0.00,0.00,0.00,7.504331,7.50
2026-05-22,Cloud Run,152E-C115-5142,6.63,0.00,0.00,0.00,6.626824,6.63
2026-05-22,Cloud Memorystore for Redis,5AF5-2C11-D467,2.35,0.00,0.00,0.00,2.351994,2.35
2026-05-22,Cloud Build,8B5D-EF7D-EB12,2.28,0.00,0.00,0.00,2.278177,2.28
2026-05-22,App Engine,F17B-412E-CB64,1.82,0.00,0.00,0.00,1.816220,1.82
2026-05-22,Cloud Storage,95FF-2EF5-5EA1,1.68,0.00,0.00,0.00,1.681253,1.68
2026-05-22,Secret Manager,EE82-7A5E-871C,0.18,0.00,0.00,0.00,0.181622,0.18
2026-05-22,Compute Engine,6F81-5844-456A,0.14,0.00,0.00,0.00,0.140309,0.14
2026-05-22,Networking,E505-1604-58F8,0.14,0.00,0.00,-0.14,0.000000,0.00
2026-05-21,Gemini API,AEFD-7695-64FA,81.16,0.00,0.00,0.00,81.160502,81.16
2026-05-21,Artifact Registry,149C-F9EC-3994,7.36,0.00,0.00,0.00,7.364243,7.36
2026-05-21,Cloud Run,152E-C115-5142,6.71,0.00,0.00,0.00,6.705128,6.71
2026-05-21,Cloud Memorystore for Redis,5AF5-2C11-D467,2.35,0.00,0.00,0.00,2.351994,2.35
2026-05-21,Cloud Build,8B5D-EF7D-EB12,1.79,0.00,0.00,0.00,1.790443,1.79
2026-05-21,Cloud Storage,95FF-2EF5-5EA1,1.56,0.00,0.00,0.00,1.556975,1.56
2026-05-21,App Engine,F17B-412E-CB64,1.34,0.00,0.00,0.00,1.337174,1.34
2026-05-21,Secret Manager,EE82-7A5E-871C,0.18,0.00,0.00,0.00,0.179924,0.18
2026-05-21,Compute Engine,6F81-5844-456A,0.14,0.00,0.00,0.00,0.140303,0.14
2026-05-21,Networking,E505-1604-58F8,0.14,0.00,0.00,-0.14,0.000000,0.00
2026-05-20,Gemini API,AEFD-7695-64FA,75.29,0.00,0.00,-11.78,63.508142,63.51
2026-05-20,Artifact Registry,149C-F9EC-3994,7.27,0.00,0.00,-0.85,6.419134,6.42
2026-05-20,Cloud Run,152E-C115-5142,6.63,0.00,0.00,-0.86,5.765377,5.77
2026-05-20,Cloud Memorystore for Redis,5AF5-2C11-D467,2.35,0.00,0.00,-0.28,2.067506,2.07
2026-05-20,Cloud Storage,95FF-2EF5-5EA1,1.34,0.00,0.00,-0.00,1.335604,1.34
2026-05-20,Cloud Build,8B5D-EF7D-EB12,1.26,0.00,0.00,-0.22,1.030222,1.03
2026-05-20,Secret Manager,EE82-7A5E-871C,0.18,0.00,0.00,-0.02,0.156896,0.16
2026-05-20,Compute Engine,6F81-5844-456A,0.14,0.00,0.00,-0.05,0.091682,0.09
2026-05-20,App Engine,F17B-412E-CB64,1.29,0.00,0.00,-1.27,0.018889,0.02
2026-05-20,Networking,E505-1604-58F8,0.14,0.00,0.00,-0.14,0.000000,0.00
2026-05-19,Gemini API,AEFD-7695-64FA,37.21,0.00,0.00,-19.60,17.613043,17.61
2026-05-19,Artifact Registry,149C-F9EC-3994,7.15,0.00,0.00,-3.65,3.502107,3.50
2026-05-19,Cloud Run,152E-C115-5142,6.34,0.00,0.00,-3.13,3.212536,3.21
2026-05-19,App Engine,F17B-412E-CB64,1.27,0.00,0.00,-0.01,1.263347,1.26
2026-05-19,Cloud Memorystore for Redis,5AF5-2C11-D467,2.35,0.00,0.00,-1.17,1.185825,1.19
2026-05-19,Cloud Build,8B5D-EF7D-EB12,1.33,0.00,0.00,-0.73,0.603401,0.60
2026-05-19,Cloud Storage,95FF-2EF5-5EA1,1.34,0.00,0.00,-1.10,0.242121,0.24
2026-05-19,Secret Manager,EE82-7A5E-871C,0.18,0.00,0.00,-0.09,0.089833,0.09
2026-05-19,Networking,E505-1604-58F8,0.14,0.00,0.00,-0.14,0.000000,0.00
2026-05-19,Compute Engine,6F81-5844-456A,0.14,0.00,0.00,-0.20,-0.059021,-0.06
2026-05-18,Gemini API,AEFD-7695-64FA,47.37,0.00,0.00,0.00,47.368487,47.37
2026-05-18,Artifact Registry,149C-F9EC-3994,6.97,0.00,0.00,0.00,6.966763,6.97
2026-05-18,Cloud Run,152E-C115-5142,6.25,0.00,0.00,0.00,6.246048,6.25
2026-05-18,Cloud Memorystore for Redis,5AF5-2C11-D467,2.35,0.00,0.00,0.00,2.351989,2.35
2026-05-18,App Engine,F17B-412E-CB64,1.25,0.00,0.00,0.00,1.246855,1.25
2026-05-18,Cloud Storage,95FF-2EF5-5EA1,1.14,0.00,0.00,0.00,1.137055,1.14
2026-05-18,Cloud Build,8B5D-EF7D-EB12,0.83,0.00,0.00,0.00,0.829164,0.83
2026-05-18,Secret Manager,EE82-7A5E-871C,0.18,0.00,0.00,0.00,0.176702,0.18
2026-05-18,Compute Engine,6F81-5844-456A,0.14,0.00,0.00,0.00,0.140303,0.14
2026-05-18,Networking,E505-1604-58F8,0.14,0.00,0.00,-0.14,0.000000,0.00
2026-05-17,Artifact Registry,149C-F9EC-3994,6.99,0.00,0.00,0.00,6.991363,6.99
2026-05-17,Cloud Run,152E-C115-5142,6.18,0.00,0.00,0.00,6.181806,6.18
2026-05-17,Gemini API,AEFD-7695-64FA,2.76,0.00,0.00,0.00,2.758608,2.76
2026-05-17,Cloud Memorystore for Redis,5AF5-2C11-D467,2.35,0.00,0.00,0.00,2.351984,2.35
2026-05-17,App Engine,F17B-412E-CB64,1.22,0.00,0.00,0.00,1.222073,1.22
2026-05-17,Cloud Storage,95FF-2EF5-5EA1,1.01,0.00,0.00,0.00,1.006666,1.01
2026-05-17,Cloud Build,8B5D-EF7D-EB12,0.49,0.00,0.00,0.00,0.493351,0.49
2026-05-17,Secret Manager,EE82-7A5E-871C,0.18,0.00,0.00,0.00,0.175316,0.18
2026-05-17,Compute Engine,6F81-5844-456A,0.14,0.00,0.00,0.00,0.140309,0.14
2026-05-17,Networking,E505-1604-58F8,0.14,0.00,0.00,-0.14,0.000000,0.00
2026-05-16,Gemini API,AEFD-7695-64FA,35.19,0.00,0.00,0.00,35.191510,35.19
2026-05-16,Artifact Registry,149C-F9EC-3994,6.83,0.00,0.00,0.00,6.828366,6.83
2026-05-16,Cloud Run,152E-C115-5142,6.39,0.00,0.00,0.00,6.394269,6.39
2026-05-16,Cloud Memorystore for Redis,5AF5-2C11-D467,2.35,0.00,0.00,0.00,2.351987,2.35
2026-05-16,Cloud Build,8B5D-EF7D-EB12,1.55,0.00,0.00,0.00,1.546332,1.55
2026-05-16,Cloud Storage,95FF-2EF5-5EA1,1.34,0.00,0.00,0.00,1.344496,1.34
2026-05-16,App Engine,F17B-412E-CB64,1.21,0.00,0.00,0.00,1.209443,1.21
2026-05-16,Secret Manager,EE82-7A5E-871C,0.18,0.00,0.00,0.00,0.178334,0.18
2026-05-16,Compute Engine,6F81-5844-456A,0.07,0.00,0.00,0.00,0.070337,0.07
2026-05-16,Networking,E505-1604-58F8,0.14,0.00,0.00,-0.14,0.000000,0.00
2026-05-15,Gemini API,AEFD-7695-64FA,26.10,0.00,0.00,0.00,26.096146,26.10
2026-05-15,Artifact Registry,149C-F9EC-3994,6.85,0.00,0.00,0.00,6.849582,6.85
2026-05-15,Cloud Run,152E-C115-5142,6.35,0.00,0.00,0.00,6.353132,6.35
2026-05-15,Cloud Memorystore for Redis,5AF5-2C11-D467,2.35,0.00,0.00,0.00,2.351985,2.35
2026-05-15,Cloud Build,8B5D-EF7D-EB12,2.04,0.00,0.00,0.00,2.036059,2.04
2026-05-15,Cloud Storage,95FF-2EF5-5EA1,1.56,0.00,0.00,0.00,1.563517,1.56
2026-05-15,App Engine,F17B-412E-CB64,1.19,0.00,0.00,0.00,1.193152,1.19
2026-05-15,Secret Manager,EE82-7A5E-871C,0.17,0.00,0.00,0.00,0.173959,0.17
2026-05-15,Networking,E505-1604-58F8,0.14,0.00,0.00,-0.14,0.000000,0.00
2026-05-15,Compute Engine,6F81-5844-456A,-0.00,0.00,0.00,0.00,-0.000007,-0.00
2026-05-14,Gemini API,AEFD-7695-64FA,33.70,0.00,0.00,0.00,33.702012,33.70
2026-05-14,Artifact Registry,149C-F9EC-3994,6.76,0.00,0.00,0.00,6.760615,6.76
2026-05-14,Cloud Run,152E-C115-5142,6.33,0.00,0.00,0.00,6.332482,6.33
2026-05-14,Cloud Memorystore for Redis,5AF5-2C11-D467,2.35,0.00,0.00,0.00,2.351985,2.35
2026-05-14,Cloud Build,8B5D-EF7D-EB12,1.51,0.00,0.00,0.00,1.509050,1.51
2026-05-14,Cloud Storage,95FF-2EF5-5EA1,1.33,0.00,0.00,0.00,1.331440,1.33
2026-05-14,App Engine,F17B-412E-CB64,1.20,0.00,0.00,0.00,1.198325,1.20
2026-05-14,Secret Manager,EE82-7A5E-871C,0.17,0.00,0.00,0.00,0.172225,0.17
2026-05-14,Networking,E505-1604-58F8,0.14,0.00,0.00,-0.14,0.000000,0.00
2026-05-14,Compute Engine,6F81-5844-456A,-0.00,0.00,0.00,0.00,-0.000004,-0.00
2026-05-13,Gemini API,AEFD-7695-64FA,32.65,0.00,0.00,0.00,32.645998,32.65
2026-05-13,Artifact Registry,149C-F9EC-3994,6.60,0.00,0.00,0.00,6.601283,6.60
2026-05-13,Cloud Run,152E-C115-5142,6.50,0.00,0.00,0.00,6.497902,6.50
2026-05-13,Cloud Build,8B5D-EF7D-EB12,3.69,0.00,0.00,0.00,3.685332,3.69
2026-05-13,Cloud Memorystore for Redis,5AF5-2C11-D467,2.35,0.00,0.00,0.00,2.351983,2.35
2026-05-13,Cloud Storage,95FF-2EF5-5EA1,2.04,0.00,0.00,0.00,2.044464,2.04
2026-05-13,App Engine,F17B-412E-CB64,1.19,0.00,0.00,0.00,1.189625,1.19
2026-05-13,Secret Manager,EE82-7A5E-871C,0.18,0.00,0.00,0.00,0.175400,0.18
2026-05-13,Networking,E505-1604-58F8,0.14,0.00,0.00,-0.14,0.000000,0.00
2026-05-12,Gemini API,AEFD-7695-64FA,106.30,0.00,0.00,0.00,106.304579,106.30
2026-05-12,Cloud Run,152E-C115-5142,6.68,0.00,0.00,0.00,6.683820,6.68
2026-05-12,Artifact Registry,149C-F9EC-3994,6.33,0.00,0.00,0.00,6.334943,6.33
2026-05-12,Cloud Build,8B5D-EF7D-EB12,4.28,0.00,0.00,0.00,4.275283,4.28
2026-05-12,Cloud Memorystore for Redis,5AF5-2C11-D467,2.35,0.00,0.00,0.00,2.351987,2.35
2026-05-12,App Engine,F17B-412E-CB64,1.94,0.00,0.00,0.00,1.941323,1.94
2026-05-12,Cloud Storage,95FF-2EF5-5EA1,1.93,0.00,0.00,0.00,1.932325,1.93
2026-05-12,Secret Manager,EE82-7A5E-871C,0.18,0.00,0.00,0.00,0.179560,0.18
2026-05-12,Networking,E505-1604-58F8,0.14,0.00,0.00,-0.14,0.000000,0.00
2026-05-12,Compute Engine,6F81-5844-456A,-0.00,0.00,0.00,0.00,-0.000002,-0.00
2026-05-11,Gemini API,AEFD-7695-64FA,178.14,0.00,0.00,0.00,178.141093,178.14
2026-05-11,App Engine,F17B-412E-CB64,7.61,0.00,0.00,0.00,7.607441,7.61
2026-05-11,Cloud Run,152E-C115-5142,6.50,0.00,0.00,0.00,6.503429,6.50
2026-05-11,Artifact Registry,149C-F9EC-3994,6.06,0.00,0.00,0.00,6.061482,6.06
2026-05-11,Cloud Build,8B5D-EF7D-EB12,3.92,0.00,0.00,0.00,3.921192,3.92
2026-05-11,Cloud Memorystore for Redis,5AF5-2C11-D467,2.35,0.00,0.00,0.00,2.351982,2.35
2026-05-11,Cloud Storage,95FF-2EF5-5EA1,1.73,0.00,0.00,0.00,1.731592,1.73
2026-05-11,Secret Manager,EE82-7A5E-871C,0.18,0.00,0.00,0.00,0.177731,0.18
2026-05-11,Networking,E505-1604-58F8,0.14,0.00,0.00,-0.14,0.000000,0.00
2026-05-11,Compute Engine,6F81-5844-456A,-0.00,0.00,0.00,0.00,-0.000002,-0.00
2026-05-10,Gemini API,AEFD-7695-64FA,184.45,0.00,0.00,0.00,184.453945,184.45
2026-05-10,Cloud Run,152E-C115-5142,6.57,0.00,0.00,0.00,6.573858,6.57
2026-05-10,Artifact Registry,149C-F9EC-3994,5.87,0.00,0.00,0.00,5.865807,5.87
2026-05-10,App Engine,F17B-412E-CB64,5.20,0.00,0.00,0.00,5.199942,5.20
2026-05-10,Cloud Build,8B5D-EF7D-EB12,2.66,0.00,0.00,0.00,2.661067,2.66
2026-05-10,Cloud Memorystore for Redis,5AF5-2C11-D467,2.35,0.00,0.00,0.00,2.351984,2.35
2026-05-10,Cloud Storage,95FF-2EF5-5EA1,1.36,0.00,0.00,0.00,1.355477,1.36
2026-05-10,Secret Manager,EE82-7A5E-871C,0.18,0.00,0.00,0.00,0.175091,0.18
2026-05-10,Compute Engine,6F81-5844-456A,0.00,0.00,0.00,0.00,0.000004,0.00
2026-05-10,Networking,E505-1604-58F8,0.14,0.00,0.00,-0.14,0.000000,0.00
2026-05-09,Gemini API,AEFD-7695-64FA,99.07,0.00,0.00,0.00,99.068401,99.07
2026-05-09,Cloud Run,152E-C115-5142,6.39,0.00,0.00,0.00,6.392171,6.39
2026-05-09,Artifact Registry,149C-F9EC-3994,5.76,0.00,0.00,0.00,5.764632,5.76
2026-05-09,App Engine,F17B-412E-CB64,4.48,0.00,0.00,0.00,4.476244,4.48
2026-05-09,Cloud Memorystore for Redis,5AF5-2C11-D467,2.35,0.00,0.00,0.00,2.351988,2.35
2026-05-09,Cloud Build,8B5D-EF7D-EB12,1.66,0.00,0.00,0.00,1.664217,1.66
2026-05-09,Cloud Storage,95FF-2EF5-5EA1,1.04,0.00,0.00,0.00,1.039338,1.04
2026-05-09,Secret Manager,EE82-7A5E-871C,0.17,0.00,0.00,0.00,0.172176,0.17
2026-05-09,Compute Engine,6F81-5844-456A,0.00,0.00,0.00,0.00,0.000001,0.00
2026-05-09,Networking,E505-1604-58F8,0.14,0.00,0.00,-0.14,0.000000,0.00
2026-05-08,Gemini API,AEFD-7695-64FA,284.95,0.00,0.00,0.00,284.948321,284.95
2026-05-08,Cloud Run,152E-C115-5142,6.32,0.00,0.00,0.00,6.323722,6.32
2026-05-08,Artifact Registry,149C-F9EC-3994,5.62,0.00,0.00,0.00,5.621588,5.62
2026-05-08,App Engine,F17B-412E-CB64,4.92,0.00,0.00,0.00,4.920858,4.92
2026-05-08,Cloud Memorystore for Redis,5AF5-2C11-D467,2.35,0.00,0.00,0.00,2.351989,2.35
2026-05-08,Cloud Storage,95FF-2EF5-5EA1,1.25,0.00,0.00,0.00,1.247011,1.25
2026-05-08,Cloud Build,8B5D-EF7D-EB12,0.81,0.00,0.00,0.00,0.807602,0.81
2026-05-08,Secret Manager,EE82-7A5E-871C,0.17,0.00,0.00,0.00,0.173669,0.17
2026-05-08,Compute Engine,6F81-5844-456A,0.00,0.00,0.00,0.00,0.000001,0.00
2026-05-08,Networking,E505-1604-58F8,0.15,0.00,0.00,-0.15,0.000000,0.00
2026-05-07,Gemini API,AEFD-7695-64FA,81.61,0.00,0.00,0.00,81.614687,81.61
2026-05-07,Cloud Run,152E-C115-5142,6.30,0.00,0.00,0.00,6.300925,6.30
2026-05-07,Artifact Registry,149C-F9EC-3994,5.51,0.00,0.00,0.00,5.510477,5.51
2026-05-07,Cloud Memorystore for Redis,5AF5-2C11-D467,2.35,0.00,0.00,0.00,2.351982,2.35
2026-05-07,Cloud Storage,95FF-2EF5-5EA1,1.18,0.00,0.00,0.00,1.176617,1.18
2026-05-07,App Engine,F17B-412E-CB64,1.13,0.00,0.00,0.00,1.131502,1.13
2026-05-07,Secret Manager,EE82-7A5E-871C,0.17,0.00,0.00,0.00,0.172941,0.17
2026-05-07,Cloud Build,8B5D-EF7D-EB12,0.01,0.00,0.00,0.00,0.008492,0.01
2026-05-07,Networking,E505-1604-58F8,0.14,0.00,0.00,-0.14,0.000000,0.00
2026-05-07,Compute Engine,6F81-5844-456A,-0.00,0.00,0.00,0.00,-0.000001,-0.00
2026-05-06,Gemini API,AEFD-7695-64FA,106.30,0.00,0.00,0.00,106.303394,106.30
2026-05-06,Cloud Run,152E-C115-5142,6.43,0.00,0.00,0.00,6.425385,6.43
2026-05-06,Artifact Registry,149C-F9EC-3994,5.38,0.00,0.00,0.00,5.378942,5.38
2026-05-06,Cloud Memorystore for Redis,5AF5-2C11-D467,2.35,0.00,0.00,0.00,2.351985,2.35
2026-05-06,Cloud Storage,95FF-2EF5-5EA1,1.17,0.00,0.00,0.00,1.173057,1.17
2026-05-06,App Engine,F17B-412E-CB64,1.09,0.00,0.00,0.00,1.094728,1.09
2026-05-06,Cloud Build,8B5D-EF7D-EB12,0.18,0.00,0.00,0.00,0.176645,0.18
2026-05-06,Secret Manager,EE82-7A5E-871C,0.17,0.00,0.00,0.00,0.172302,0.17
2026-05-06,Networking,E505-1604-58F8,0.14,0.00,0.00,-0.14,0.000000,0.00
2026-05-06,Compute Engine,6F81-5844-456A,-0.00,0.00,0.00,0.00,-0.000002,-0.00
2026-05-05,Gemini API,AEFD-7695-64FA,110.25,0.00,0.00,0.00,110.250918,110.25
2026-05-05,Cloud Run,152E-C115-5142,6.51,0.00,0.00,0.00,6.514781,6.51
2026-05-05,Artifact Registry,149C-F9EC-3994,5.23,0.00,0.00,0.00,5.229736,5.23
2026-05-05,Cloud Memorystore for Redis,5AF5-2C11-D467,2.35,0.00,0.00,0.00,2.351982,2.35
2026-05-05,Cloud Storage,95FF-2EF5-5EA1,1.55,0.00,0.00,0.00,1.545401,1.55
2026-05-05,App Engine,F17B-412E-CB64,1.18,0.00,0.00,0.00,1.176163,1.18
2026-05-05,Secret Manager,EE82-7A5E-871C,0.17,0.00,0.00,0.00,0.168323,0.17
2026-05-05,Cloud Build,8B5D-EF7D-EB12,0.02,0.00,0.00,0.00,0.017721,0.02
2026-05-05,Networking,E505-1604-58F8,0.14,0.00,0.00,-0.14,0.000000,0.00
2026-05-05,Compute Engine,6F81-5844-456A,-0.00,0.00,0.00,0.00,-0.000001,-0.00
2026-05-04,Gemini API,AEFD-7695-64FA,80.96,0.00,0.00,0.00,80.957226,80.96
2026-05-04,Cloud Run,152E-C115-5142,6.46,0.00,0.00,0.00,6.456120,6.46
2026-05-04,Artifact Registry,149C-F9EC-3994,5.04,0.00,0.00,0.00,5.035307,5.04
2026-05-04,Cloud Memorystore for Redis,5AF5-2C11-D467,2.35,0.00,0.00,0.00,2.351980,2.35
2026-05-04,Cloud Storage,95FF-2EF5-5EA1,1.20,0.00,0.00,0.00,1.199930,1.20
2026-05-04,App Engine,F17B-412E-CB64,1.05,0.00,0.00,0.00,1.046228,1.05
2026-05-04,Secret Manager,EE82-7A5E-871C,0.17,0.00,0.00,0.00,0.168327,0.17
2026-05-04,Cloud Build,8B5D-EF7D-EB12,0.01,0.00,0.00,0.00,0.010968,0.01
2026-05-04,Networking,E505-1604-58F8,0.14,0.00,0.00,-0.14,0.000000,0.00
2026-05-04,Compute Engine,6F81-5844-456A,-0.00,0.00,0.00,0.00,-0.000005,-0.00
2026-05-03,Gemini API,AEFD-7695-64FA,53.78,0.00,0.00,0.00,53.780219,53.78
2026-05-03,Cloud Run,152E-C115-5142,6.35,0.00,0.00,0.00,6.354383,6.35
2026-05-03,Artifact Registry,149C-F9EC-3994,4.94,0.00,0.00,0.00,4.940798,4.94
2026-05-03,Cloud Memorystore for Redis,5AF5-2C11-D467,2.35,0.00,0.00,0.00,2.351981,2.35
2026-05-03,App Engine,F17B-412E-CB64,1.00,0.00,0.00,0.00,1.004055,1.00
2026-05-03,Cloud Storage,95FF-2EF5-5EA1,0.92,0.00,0.00,0.00,0.915329,0.92
2026-05-03,Cloud Build,8B5D-EF7D-EB12,0.83,0.00,0.00,0.00,0.834306,0.83
2026-05-03,Secret Manager,EE82-7A5E-871C,0.15,0.00,0.00,0.00,0.145120,0.15
2026-05-03,Compute Engine,6F81-5844-456A,0.00,0.00,0.00,0.00,0.000002,0.00
2026-05-03,Networking,E505-1604-58F8,0.14,0.00,0.00,-0.14,0.000000,0.00
2026-05-02,Gemini API,AEFD-7695-64FA,75.83,0.00,0.00,0.00,75.833717,75.83
2026-05-02,Artifact Registry,149C-F9EC-3994,4.86,0.00,0.00,0.00,4.859140,4.86
2026-05-02,Cloud Run,152E-C115-5142,6.38,0.00,0.00,-1.98,4.393343,4.39
2026-05-02,Cloud Memorystore for Redis,5AF5-2C11-D467,2.35,0.00,0.00,0.00,2.351988,2.35
2026-05-02,App Engine,F17B-412E-CB64,1.00,0.00,0.00,0.00,0.997800,1.00
2026-05-02,Cloud Storage,95FF-2EF5-5EA1,0.84,0.00,0.00,0.00,0.835988,0.84
2026-05-02,Cloud Build,8B5D-EF7D-EB12,0.26,0.00,0.00,0.00,0.258870,0.26
2026-05-02,Compute Engine,6F81-5844-456A,0.00,0.00,0.00,0.00,0.000004,0.00
2026-05-02,Networking,E505-1604-58F8,0.14,0.00,0.00,-0.14,0.000000,0.00
2026-05-01,Gemini API,AEFD-7695-64FA,40.22,0.00,0.00,0.00,40.215837,40.22
2026-05-01,Artifact Registry,149C-F9EC-3994,4.73,0.00,0.00,0.00,4.727251,4.73
2026-05-01,Cloud Run,152E-C115-5142,6.30,0.00,0.00,-3.24,3.066845,3.07
2026-05-01,Cloud Memorystore for Redis,5AF5-2C11-D467,2.35,0.00,0.00,0.00,2.351981,2.35
2026-05-01,App Engine,F17B-412E-CB64,1.02,0.00,0.00,0.00,1.019603,1.02
2026-05-01,Cloud Storage,95FF-2EF5-5EA1,0.96,0.00,0.00,0.00,0.959850,0.96
2026-05-01,Cloud Build,8B5D-EF7D-EB12,0.01,0.00,0.00,0.00,0.009218,0.01
2026-05-01,Networking,E505-1604-58F8,0.14,0.00,0.00,-0.14,0.000000,0.00
2026-04-30,Gemini API,AEFD-7695-64FA,41.72,0.00,0.00,0.00,41.720827,41.72
2026-04-30,Cloud Run,152E-C115-5142,6.36,0.00,0.00,0.00,6.356614,6.36
2026-04-30,Artifact Registry,149C-F9EC-3994,4.79,0.00,0.00,0.00,4.787724,4.79
2026-04-30,Cloud Memorystore for Redis,5AF5-2C11-D467,2.35,0.00,0.00,0.00,2.351985,2.35
2026-04-30,Cloud Build,8B5D-EF7D-EB12,2.11,0.00,0.00,0.00,2.113880,2.11
2026-04-30,Cloud Storage,95FF-2EF5-5EA1,1.09,0.00,0.00,0.00,1.090636,1.09
2026-04-30,App Engine,F17B-412E-CB64,1.04,0.00,0.00,0.00,1.039666,1.04
2026-04-30,Secret Manager,EE82-7A5E-871C,0.18,0.00,0.00,0.00,0.179465,0.18
2026-04-30,Compute Engine,6F81-5844-456A,0.14,0.00,0.00,0.00,0.140308,0.14
2026-04-30,Networking,E505-1604-58F8,0.14,0.00,0.00,-0.14,0.000000,0.00
2026-04-29,Gemini API,AEFD-7695-64FA,64.67,0.00,0.00,0.00,64.665100,64.67
2026-04-29,Cloud Run,152E-C115-5142,6.51,0.00,0.00,0.00,6.508315,6.51
2026-04-29,Artifact Registry,149C-F9EC-3994,4.65,0.00,0.00,0.00,4.647515,4.65
2026-04-29,Cloud Build,8B5D-EF7D-EB12,2.76,0.00,0.00,0.00,2.762341,2.76
2026-04-29,Cloud Memorystore for Redis,5AF5-2C11-D467,2.35,0.00,0.00,0.00,2.351982,2.35
2026-04-29,App Engine,F17B-412E-CB64,1.73,0.00,0.00,0.00,1.725703,1.73
2026-04-29,Cloud Storage,95FF-2EF5-5EA1,1.09,0.00,0.00,0.00,1.092198,1.09
2026-04-29,Secret Manager,EE82-7A5E-871C,0.18,0.00,0.00,0.00,0.180845,0.18
2026-04-29,Compute Engine,6F81-5844-456A,0.14,0.00,0.00,0.00,0.140301,0.14
2026-04-29,Networking,E505-1604-58F8,0.14,0.00,0.00,-0.14,0.000000,0.00
2026-04-28,Gemini API,AEFD-7695-64FA,37.50,0.00,0.00,0.00,37.497877,37.50
2026-04-28,Cloud Run,152E-C115-5142,6.39,0.00,0.00,0.00,6.389709,6.39
2026-04-28,Artifact Registry,149C-F9EC-3994,4.49,0.00,0.00,0.00,4.488811,4.49
2026-04-28,Cloud Memorystore for Redis,5AF5-2C11-D467,2.35,0.00,0.00,0.00,2.351983,2.35
2026-04-28,Cloud Build,8B5D-EF7D-EB12,1.82,0.00,0.00,0.00,1.822940,1.82
2026-04-28,App Engine,F17B-412E-CB64,1.15,0.00,0.00,0.00,1.154282,1.15
2026-04-28,Cloud Storage,95FF-2EF5-5EA1,0.90,0.00,0.00,0.00,0.900051,0.90
2026-04-28,Secret Manager,EE82-7A5E-871C,0.18,0.00,0.00,0.00,0.179013,0.18
2026-04-28,Compute Engine,6F81-5844-456A,0.14,0.00,0.00,0.00,0.140309,0.14
2026-04-28,Networking,E505-1604-58F8,0.14,0.00,0.00,-0.14,0.000000,0.00
2026-04-27,Gemini API,AEFD-7695-64FA,52.37,0.00,0.00,0.00,52.373535,52.37
2026-04-27,Cloud Run,152E-C115-5142,6.35,0.00,0.00,0.00,6.347909,6.35
2026-04-27,Artifact Registry,149C-F9EC-3994,4.34,0.00,0.00,0.00,4.338427,4.34
2026-04-27,Cloud Build,8B5D-EF7D-EB12,2.64,0.00,0.00,0.00,2.637547,2.64
2026-04-27,Cloud Memorystore for Redis,5AF5-2C11-D467,2.35,0.00,0.00,0.00,2.351983,2.35
2026-04-27,App Engine,F17B-412E-CB64,1.03,0.00,0.00,0.00,1.030857,1.03
2026-04-27,Cloud Storage,95FF-2EF5-5EA1,1.00,0.00,0.00,0.00,1.002255,1.00
2026-04-27,Secret Manager,EE82-7A5E-871C,0.18,0.00,0.00,0.00,0.179853,0.18
2026-04-27,Compute Engine,6F81-5844-456A,0.14,0.00,0.00,0.00,0.140309,0.14
2026-04-27,Networking,E505-1604-58F8,0.14,0.00,0.00,-0.14,0.000000,0.00
2026-04-26,Gemini API,AEFD-7695-64FA,45.39,0.00,0.00,0.00,45.394233,45.39
2026-04-26,Cloud Run,152E-C115-5142,6.36,0.00,0.00,0.00,6.363725,6.36
2026-04-26,Artifact Registry,149C-F9EC-3994,4.20,0.00,0.00,0.00,4.204616,4.20
2026-04-26,Cloud Memorystore for Redis,5AF5-2C11-D467,2.35,0.00,0.00,0.00,2.351984,2.35
2026-04-26,Cloud Build,8B5D-EF7D-EB12,1.55,0.00,0.00,0.00,1.553796,1.55
2026-04-26,App Engine,F17B-412E-CB64,1.28,0.00,0.00,0.00,1.277294,1.28
2026-04-26,Cloud Storage,95FF-2EF5-5EA1,0.82,0.00,0.00,0.00,0.821604,0.82
2026-04-26,Secret Manager,EE82-7A5E-871C,0.18,0.00,0.00,0.00,0.178066,0.18
2026-04-26,Compute Engine,6F81-5844-456A,0.14,0.00,0.00,0.00,0.140301,0.14
2026-04-26,Networking,E505-1604-58F8,0.14,0.00,0.00,-0.14,0.000000,0.00
2026-04-25,Gemini API,AEFD-7695-64FA,99.07,0.00,0.00,0.00,99.070089,99.07
2026-04-25,Cloud Run,152E-C115-5142,6.75,0.00,0.00,0.00,6.748102,6.75
2026-04-25,Artifact Registry,149C-F9EC-3994,4.05,0.00,0.00,0.00,4.052221,4.05
2026-04-25,Cloud Build,8B5D-EF7D-EB12,3.72,0.00,0.00,0.00,3.716270,3.72
2026-04-25,Cloud Memorystore for Redis,5AF5-2C11-D467,2.35,0.00,0.00,0.00,2.351985,2.35
2026-04-25,App Engine,F17B-412E-CB64,1.70,0.00,0.00,0.00,1.698290,1.70
2026-04-25,Cloud Storage,95FF-2EF5-5EA1,1.16,0.00,0.00,0.00,1.160389,1.16
2026-04-25,Secret Manager,EE82-7A5E-871C,0.19,0.00,0.00,0.00,0.185602,0.19
2026-04-25,Compute Engine,6F81-5844-456A,0.14,0.00,0.00,0.00,0.140311,0.14
2026-04-25,Networking,E505-1604-58F8,0.14,0.00,0.00,-0.14,0.000000,0.00
2026-04-24,Gemini API,AEFD-7695-64FA,80.49,0.00,0.00,0.00,80.487027,80.49
2026-04-24,Cloud Run,152E-C115-5142,6.69,0.00,0.00,0.00,6.685639,6.69
2026-04-24,Artifact Registry,149C-F9EC-3994,3.83,0.00,0.00,0.00,3.827410,3.83
2026-04-24,Cloud Build,8B5D-EF7D-EB12,3.17,0.00,0.00,0.00,3.174259,3.17
2026-04-24,Cloud Memorystore for Redis,5AF5-2C11-D467,2.35,0.00,0.00,0.00,2.351986,2.35
2026-04-24,App Engine,F17B-412E-CB64,1.15,0.00,0.00,0.00,1.145477,1.15
2026-04-24,Cloud Storage,95FF-2EF5-5EA1,1.09,0.00,0.00,0.00,1.089722,1.09
2026-04-24,Secret Manager,EE82-7A5E-871C,0.18,0.00,0.00,0.00,0.184277,0.18
2026-04-24,Compute Engine,6F81-5844-456A,0.14,0.00,0.00,0.00,0.140309,0.14
2026-04-24,Networking,E505-1604-58F8,0.14,0.00,0.00,-0.14,0.000000,0.00
2026-04-23,Gemini API,AEFD-7695-64FA,34.63,0.00,0.00,0.00,34.629567,34.63
2026-04-23,Cloud Run,152E-C115-5142,6.39,0.00,0.00,0.00,6.391663,6.39
2026-04-23,Artifact Registry,149C-F9EC-3994,3.66,0.00,0.00,0.00,3.661600,3.66
2026-04-23,Cloud Memorystore for Redis,5AF5-2C11-D467,2.35,0.00,0.00,0.00,2.351988,2.35
2026-04-23,Cloud Build,8B5D-EF7D-EB12,1.66,0.00,0.00,0.00,1.663154,1.66
2026-04-23,App Engine,F17B-412E-CB64,0.89,0.00,0.00,0.00,0.890456,0.89
2026-04-23,Cloud Storage,95FF-2EF5-5EA1,0.81,0.00,0.00,0.00,0.808632,0.81
2026-04-23,Secret Manager,EE82-7A5E-871C,0.18,0.00,0.00,0.00,0.178823,0.18
2026-04-23,Compute Engine,6F81-5844-456A,0.14,0.00,0.00,0.00,0.140306,0.14
2026-04-23,Networking,E505-1604-58F8,0.14,0.00,0.00,-0.14,0.000000,0.00
2026-04-22,Gemini API,AEFD-7695-64FA,88.45,0.00,0.00,0.00,88.450296,88.45
2026-04-22,Cloud Run,152E-C115-5142,6.35,0.00,0.00,0.00,6.354893,6.35
2026-04-22,Artifact Registry,149C-F9EC-3994,3.56,0.00,0.00,0.00,3.555495,3.56
2026-04-22,Cloud Memorystore for Redis,5AF5-2C11-D467,2.35,0.00,0.00,0.00,2.351985,2.35
2026-04-22,Cloud Build,8B5D-EF7D-EB12,1.74,0.00,0.00,0.00,1.738225,1.74
2026-04-22,App Engine,F17B-412E-CB64,0.95,0.00,0.00,0.00,0.949230,0.95
2026-04-22,Cloud Storage,95FF-2EF5-5EA1,0.82,0.00,0.00,0.00,0.816245,0.82
2026-04-22,Secret Manager,EE82-7A5E-871C,0.18,0.00,0.00,0.00,0.180806,0.18
2026-04-22,Compute Engine,6F81-5844-456A,0.14,0.00,0.00,0.00,0.140311,0.14
2026-04-22,Networking,E505-1604-58F8,0.14,0.00,0.00,-0.14,0.000000,0.00
2026-04-21,Gemini API,AEFD-7695-64FA,76.65,0.00,0.00,-0.00,76.648635,76.65
2026-04-21,Cloud Run,152E-C115-5142,6.54,0.00,0.00,-0.31,6.227761,6.23
2026-04-21,Artifact Registry,149C-F9EC-3994,3.41,0.00,0.00,-0.11,3.296273,3.30
2026-04-21,Cloud Build,8B5D-EF7D-EB12,2.48,0.00,0.00,-0.04,2.438009,2.44
2026-04-21,Cloud Memorystore for Redis,5AF5-2C11-D467,2.35,0.00,0.00,-0.08,2.275285,2.28
2026-04-21,App Engine,F17B-412E-CB64,2.41,0.00,0.00,-0.65,1.758472,1.76
2026-04-21,Cloud Storage,95FF-2EF5-5EA1,0.88,0.00,0.00,0.00,0.881260,0.88
2026-04-21,Secret Manager,EE82-7A5E-871C,0.18,0.00,0.00,-0.01,0.176450,0.18
2026-04-21,Compute Engine,6F81-5844-456A,0.14,0.00,0.00,-0.01,0.127199,0.13
2026-04-21,Networking,E505-1604-58F8,0.14,0.00,0.00,-0.14,0.000000,0.00
2026-04-20,Cloud Run,152E-C115-5142,6.25,0.00,0.00,-6.15,0.104944,0.10
2026-04-20,Artifact Registry,149C-F9EC-3994,3.33,0.00,0.00,-3.27,0.056054,0.06
2026-04-20,Cloud Memorystore for Redis,5AF5-2C11-D467,2.35,0.00,0.00,-2.31,0.039769,0.04
2026-04-20,Gemini API,AEFD-7695-64FA,8.54,0.00,0.00,-8.50,0.031517,0.03
2026-04-20,Cloud Build,8B5D-EF7D-EB12,0.99,0.00,0.00,-0.98,0.009592,0.01
2026-04-20,Cloud Storage,95FF-2EF5-5EA1,0.67,0.00,0.00,-0.66,0.006586,0.01
2026-04-20,App Engine,F17B-412E-CB64,0.83,0.00,0.00,-0.82,0.003288,0.00
2026-04-20,Secret Manager,EE82-7A5E-871C,0.18,0.00,0.00,-0.17,0.002972,0.00
2026-04-20,Networking,E505-1604-58F8,0.14,0.00,0.00,-0.14,0.000000,0.00
2026-04-20,Compute Engine,6F81-5844-456A,0.14,0.00,0.00,-0.40,-0.254916,-0.25
2026-04-19,Gemini API,AEFD-7695-64FA,27.61,0.00,0.00,-13.60,14.011344,14.01
2026-04-19,Cloud Run,152E-C115-5142,6.37,0.00,0.00,-3.02,3.351877,3.35
2026-04-19,Cloud Build,8B5D-EF7D-EB12,2.10,0.00,0.00,-0.27,1.824751,1.82
2026-04-19,Artifact Registry,149C-F9EC-3994,3.25,0.00,0.00,-1.62,1.630578,1.63
2026-04-19,App Engine,F17B-412E-CB64,1.36,0.00,0.00,-0.01,1.348854,1.35
2026-04-19,Cloud Memorystore for Redis,5AF5-2C11-D467,2.35,0.00,0.00,-1.16,1.190826,1.19
2026-04-19,Cloud Storage,95FF-2EF5-5EA1,0.81,0.00,0.00,-0.56,0.258884,0.26
2026-04-19,Secret Manager,EE82-7A5E-871C,0.18,0.00,0.00,-0.09,0.092881,0.09
2026-04-19,Networking,E505-1604-58F8,0.14,0.00,0.00,-0.14,0.000000,0.00
2026-04-19,Compute Engine,6F81-5844-456A,0.14,0.00,0.00,-0.20,-0.058165,-0.06
2026-04-18,Gemini API,AEFD-7695-64FA,46.17,0.00,0.00,0.00,46.174352,46.17
2026-04-18,Cloud Run,152E-C115-5142,6.48,0.00,0.00,0.00,6.482838,6.48
2026-04-18,Cloud Build,8B5D-EF7D-EB12,3.37,0.00,0.00,0.00,3.366839,3.37
2026-04-18,Artifact Registry,149C-F9EC-3994,3.07,0.00,0.00,0.00,3.071621,3.07
2026-04-18,Cloud Memorystore for Redis,5AF5-2C11-D467,2.35,0.00,0.00,0.00,2.351984,2.35
2026-04-18,App Engine,F17B-412E-CB64,2.30,0.00,0.00,0.00,2.295637,2.30
2026-04-18,Cloud Storage,95FF-2EF5-5EA1,0.97,0.00,0.00,0.00,0.974213,0.97
2026-04-18,Secret Manager,EE82-7A5E-871C,0.18,0.00,0.00,0.00,0.184089,0.18
2026-04-18,Compute Engine,6F81-5844-456A,0.14,0.00,0.00,0.00,0.140304,0.14
2026-04-18,Networking,E505-1604-58F8,0.14,0.00,0.00,-0.14,0.000000,0.00
2026-04-17,Gemini API,AEFD-7695-64FA,39.86,0.00,0.00,0.00,39.861493,39.86
2026-04-17,Cloud Run,152E-C115-5142,6.46,0.00,0.00,0.00,6.460557,6.46
2026-04-17,App Engine,F17B-412E-CB64,3.73,0.00,0.00,0.00,3.727493,3.73
2026-04-17,Artifact Registry,149C-F9EC-3994,2.86,0.00,0.00,0.00,2.864562,2.86
2026-04-17,Cloud Memorystore for Redis,5AF5-2C11-D467,2.35,0.00,0.00,0.00,2.351981,2.35
2026-04-17,Cloud Build,8B5D-EF7D-EB12,2.34,0.00,0.00,0.00,2.344655,2.34
2026-04-17,Cloud Storage,95FF-2EF5-5EA1,0.83,0.00,0.00,0.00,0.831476,0.83
2026-04-17,Secret Manager,EE82-7A5E-871C,0.18,0.00,0.00,0.00,0.181752,0.18
2026-04-17,Compute Engine,6F81-5844-456A,0.14,0.00,0.00,0.00,0.140308,0.14
2026-04-17,Networking,E505-1604-58F8,0.14,0.00,0.00,-0.14,0.000000,0.00
2026-04-16,Gemini API,AEFD-7695-64FA,19.92,0.00,0.00,0.00,19.918016,19.92
2026-04-16,Cloud Run,152E-C115-5142,6.20,0.00,0.00,0.00,6.197004,6.20
2026-04-16,Artifact Registry,149C-F9EC-3994,2.79,0.00,0.00,0.00,2.785017,2.79
2026-04-16,Cloud Memorystore for Redis,5AF5-2C11-D467,2.35,0.00,0.00,0.00,2.351985,2.35
2026-04-16,App Engine,F17B-412E-CB64,1.39,0.00,0.00,0.00,1.389354,1.39
2026-04-16,Cloud Storage,95FF-2EF5-5EA1,0.58,0.00,0.00,0.00,0.579107,0.58
2026-04-16,Cloud Build,8B5D-EF7D-EB12,0.58,0.00,0.00,0.00,0.577232,0.58
2026-04-16,Secret Manager,EE82-7A5E-871C,0.18,0.00,0.00,0.00,0.176394,0.18
2026-04-16,Compute Engine,6F81-5844-456A,0.14,0.00,0.00,0.00,0.140308,0.14
2026-04-16,Networking,E505-1604-58F8,0.14,0.00,0.00,-0.14,0.000000,0.00
2026-04-15,Gemini API,AEFD-7695-64FA,12.71,0.00,0.00,0.00,12.711849,12.71
2026-04-15,Cloud Run,152E-C115-5142,6.31,0.00,0.00,0.00,6.313192,6.31
2026-04-15,Artifact Registry,149C-F9EC-3994,2.74,0.00,0.00,0.00,2.744355,2.74
2026-04-15,Cloud Memorystore for Redis,5AF5-2C11-D467,2.35,0.00,0.00,0.00,2.351983,2.35
2026-04-15,Cloud Build,8B5D-EF7D-EB12,1.32,0.00,0.00,0.00,1.315683,1.32
2026-04-15,App Engine,F17B-412E-CB64,0.75,0.00,0.00,0.00,0.746721,0.75
2026-04-15,Cloud Storage,95FF-2EF5-5EA1,0.68,0.00,0.00,0.00,0.684272,0.68
2026-04-15,Secret Manager,EE82-7A5E-871C,0.18,0.00,0.00,0.00,0.178493,0.18
2026-04-15,Networking,E505-1604-58F8,0.14,0.00,0.00,-0.14,0.000000,0.00
2026-04-15,Compute Engine,6F81-5844-456A,-0.00,0.00,0.00,0.00,-0.000001,-0.00
2026-04-14,Gemini API,AEFD-7695-64FA,7.21,0.00,0.00,0.00,7.206549,7.21
2026-04-14,Cloud Run,152E-C115-5142,6.39,0.00,0.00,0.00,6.385039,6.39
2026-04-14,Artifact Registry,149C-F9EC-3994,2.62,0.00,0.00,0.00,2.621659,2.62
2026-04-14,Cloud Memorystore for Redis,5AF5-2C11-D467,2.35,0.00,0.00,0.00,2.351985,2.35
2026-04-14,Cloud Build,8B5D-EF7D-EB12,2.08,0.00,0.00,0.00,2.076456,2.08
2026-04-14,Cloud Storage,95FF-2EF5-5EA1,0.78,0.00,0.00,0.00,0.783318,0.78
2026-04-14,App Engine,F17B-412E-CB64,0.75,0.00,0.00,0.00,0.748055,0.75
2026-04-14,Secret Manager,EE82-7A5E-871C,0.18,0.00,0.00,0.00,0.179464,0.18
2026-04-14,Networking,E505-1604-58F8,0.14,0.00,0.00,-0.14,0.000000,0.00
2026-04-14,Compute Engine,6F81-5844-456A,-0.00,0.00,0.00,0.00,-0.000004,-0.00
2026-04-13,Gemini API,AEFD-7695-64FA,816.13,0.00,0.00,0.00,816.134416,816.13
2026-04-13,Cloud Run,152E-C115-5142,6.87,0.00,0.00,0.00,6.869612,6.87
2026-04-13,App Engine,F17B-412E-CB64,5.61,0.00,0.00,0.00,5.613671,5.61
2026-04-13,Cloud Build,8B5D-EF7D-EB12,4.41,0.00,0.00,0.00,4.414494,4.41
2026-04-13,Artifact Registry,149C-F9EC-3994,2.44,0.00,0.00,0.00,2.436997,2.44
2026-04-13,Cloud Memorystore for Redis,5AF5-2C11-D467,2.35,0.00,0.00,0.00,2.351988,2.35
2026-04-13,Cloud Storage,95FF-2EF5-5EA1,1.09,0.00,0.00,0.00,1.086518,1.09
2026-04-13,Secret Manager,EE82-7A5E-871C,0.18,0.00,0.00,0.00,0.181146,0.18
2026-04-13,Networking,E505-1604-58F8,0.14,0.00,0.00,-0.14,0.000000,0.00
2026-04-13,Compute Engine,6F81-5844-456A,-0.00,0.00,0.00,0.00,-0.000001,-0.00
2026-04-12,Gemini API,AEFD-7695-64FA,20.96,0.00,0.00,0.00,20.960075,20.96
2026-04-12,Cloud Run,152E-C115-5142,6.35,0.00,0.00,0.00,6.346043,6.35
2026-04-12,Cloud Memorystore for Redis,5AF5-2C11-D467,2.35,0.00,0.00,0.00,2.351983,2.35
2026-04-12,Artifact Registry,149C-F9EC-3994,2.26,0.00,0.00,0.00,2.260344,2.26
2026-04-12,App Engine,F17B-412E-CB64,1.15,0.00,0.00,0.00,1.146822,1.15
2026-04-12,Cloud Build,8B5D-EF7D-EB12,0.64,0.00,0.00,0.00,0.639267,0.64
2026-04-12,Cloud Storage,95FF-2EF5-5EA1,0.56,0.00,0.00,0.00,0.560363,0.56
2026-04-12,Secret Manager,EE82-7A5E-871C,0.18,0.00,0.00,0.00,0.177994,0.18
2026-04-12,Networking,E505-1604-58F8,0.14,0.00,0.00,-0.14,0.000000,0.00
2026-04-12,Compute Engine,6F81-5844-456A,-0.00,0.00,0.00,0.00,-0.000005,-0.00
2026-04-11,Gemini API,AEFD-7695-64FA,30.64,0.00,0.00,0.00,30.643102,30.64
2026-04-11,Cloud Run,152E-C115-5142,6.55,0.00,0.00,0.00,6.552940,6.55
2026-04-11,Cloud Memorystore for Redis,5AF5-2C11-D467,2.35,0.00,0.00,0.00,2.351988,2.35
2026-04-11,Artifact Registry,149C-F9EC-3994,2.21,0.00,0.00,0.00,2.205891,2.21
2026-04-11,App Engine,F17B-412E-CB64,0.81,0.00,0.00,0.00,0.812236,0.81
2026-04-11,Cloud Storage,95FF-2EF5-5EA1,0.75,0.00,0.00,0.00,0.752232,0.75
2026-04-11,Secret Manager,EE82-7A5E-871C,0.17,0.00,0.00,0.00,0.172585,0.17
2026-04-11,Cloud Build,8B5D-EF7D-EB12,0.01,0.00,0.00,0.00,0.009610,0.01
2026-04-11,Networking,E505-1604-58F8,0.14,0.00,0.00,-0.14,0.000000,0.00
2026-04-10,Gemini API,AEFD-7695-64FA,49.37,0.00,0.00,0.00,49.367508,49.37
2026-04-10,Cloud Run,152E-C115-5142,6.36,0.00,0.00,0.00,6.358054,6.36
2026-04-10,Cloud Memorystore for Redis,5AF5-2C11-D467,2.35,0.00,0.00,0.00,2.351986,2.35
2026-04-10,Artifact Registry,149C-F9EC-3994,2.09,0.00,0.00,0.00,2.085235,2.09
2026-04-10,App Engine,F17B-412E-CB64,0.72,0.00,0.00,0.00,0.721300,0.72
2026-04-10,Cloud Storage,95FF-2EF5-5EA1,0.57,0.00,0.00,0.00,0.573762,0.57
2026-04-10,Secret Manager,EE82-7A5E-871C,0.17,0.00,0.00,0.00,0.168545,0.17
2026-04-10,Cloud Build,8B5D-EF7D-EB12,0.01,0.00,0.00,0.00,0.005400,0.01
2026-04-10,Networking,E505-1604-58F8,0.14,0.00,0.00,-0.14,0.000000,0.00
2026-04-09,Gemini API,AEFD-7695-64FA,140.65,0.00,0.00,0.00,140.650112,140.65
2026-04-09,Cloud Run,152E-C115-5142,8.48,0.00,0.00,0.00,8.481285,8.48
2026-04-09,Cloud Memorystore for Redis,5AF5-2C11-D467,2.35,0.00,0.00,0.00,2.351986,2.35
2026-04-09,Artifact Registry,149C-F9EC-3994,2.22,0.00,0.00,0.00,2.216889,2.22
2026-04-09,App Engine,F17B-412E-CB64,0.83,0.00,0.00,0.00,0.829137,0.83
2026-04-09,Cloud Storage,95FF-2EF5-5EA1,0.65,0.00,0.00,0.00,0.647015,0.65
2026-04-09,Secret Manager,EE82-7A5E-871C,0.17,0.00,0.00,0.00,0.170114,0.17
2026-04-09,Cloud Build,8B5D-EF7D-EB12,0.03,0.00,0.00,0.00,0.032171,0.03
2026-04-09,Networking,E505-1604-58F8,0.14,0.00,0.00,-0.14,0.000000,0.00
2026-04-09,Compute Engine,6F81-5844-456A,-0.00,0.00,0.00,0.00,-0.000002,-0.00
2026-04-08,Gemini API,AEFD-7695-64FA,55.95,0.00,0.00,0.00,55.953483,55.95
2026-04-08,Artifact Registry,149C-F9EC-3994,9.34,0.00,0.00,0.00,9.340450,9.34
2026-04-08,Cloud Run,152E-C115-5142,7.49,0.00,0.00,0.00,7.490697,7.49
2026-04-08,Cloud Memorystore for Redis,5AF5-2C11-D467,2.35,0.00,0.00,0.00,2.351983,2.35
2026-04-08,App Engine,F17B-412E-CB64,0.72,0.00,0.00,0.00,0.717529,0.72
2026-04-08,Cloud Storage,95FF-2EF5-5EA1,0.61,0.00,0.00,0.00,0.609971,0.61
2026-04-08,Secret Manager,EE82-7A5E-871C,0.17,0.00,0.00,0.00,0.165960,0.17
2026-04-08,Cloud Build,8B5D-EF7D-EB12,0.13,0.00,0.00,0.00,0.131551,0.13
2026-04-08,Networking,E505-1604-58F8,0.14,0.00,0.00,-0.14,0.000000,0.00
2026-04-08,Compute Engine,6F81-5844-456A,-0.00,0.00,0.00,0.00,-0.000001,-0.00
2026-04-07,Gemini API,AEFD-7695-64FA,13.79,0.00,0.00,0.00,13.785192,13.79
2026-04-07,Artifact Registry,149C-F9EC-3994,9.04,0.00,0.00,0.00,9.042359,9.04
2026-04-07,Cloud Run,152E-C115-5142,6.25,0.00,0.00,0.00,6.254380,6.25
2026-04-07,Cloud Memorystore for Redis,5AF5-2C11-D467,2.35,0.00,0.00,0.00,2.351996,2.35
2026-04-07,App Engine,F17B-412E-CB64,0.70,0.00,0.00,0.00,0.695013,0.70
2026-04-07,Cloud Storage,95FF-2EF5-5EA1,0.50,0.00,0.00,0.00,0.504090,0.50
2026-04-07,Secret Manager,EE82-7A5E-871C,0.08,0.00,0.00,0.00,0.081365,0.08
2026-04-07,Cloud Build,8B5D-EF7D-EB12,0.00,0.00,0.00,0.00,0.002773,0.00
2026-04-07,Networking,E505-1604-58F8,0.14,0.00,0.00,-0.14,0.000000,0.00
2026-04-07,Compute Engine,6F81-5844-456A,-0.00,0.00,0.00,0.00,-0.000001,-0.00
2026-04-06,Gemini API,AEFD-7695-64FA,37.85,0.00,0.00,0.00,37.853142,37.85
2026-04-06,Artifact Registry,149C-F9EC-3994,9.10,0.00,0.00,0.00,9.096403,9.10
2026-04-06,Cloud Run,152E-C115-5142,6.83,0.00,0.00,0.00,6.825420,6.83
2026-04-06,Cloud Memorystore for Redis,5AF5-2C11-D467,2.35,0.00,0.00,0.00,2.351982,2.35
2026-04-06,App Engine,F17B-412E-CB64,0.67,0.00,0.00,0.00,0.667090,0.67
2026-04-06,Cloud Storage,95FF-2EF5-5EA1,0.53,0.00,0.00,0.00,0.526699,0.53
2026-04-06,Cloud Build,8B5D-EF7D-EB12,0.00,0.00,0.00,0.00,0.004700,0.00
2026-04-06,Networking,E505-1604-58F8,0.14,0.00,0.00,-0.14,0.000000,0.00
2026-04-06,Compute Engine,6F81-5844-456A,-0.00,0.00,0.00,0.00,-0.000003,-0.00
2026-04-06,Secret Manager,EE82-7A5E-871C,-0.00,0.00,0.00,0.00,-0.000022,-0.00
2026-04-05,Gemini API,AEFD-7695-64FA,71.96,0.00,0.00,0.00,71.957016,71.96
2026-04-05,Artifact Registry,149C-F9EC-3994,9.04,0.00,0.00,0.00,9.040965,9.04
2026-04-05,Cloud Run,152E-C115-5142,6.99,0.00,0.00,0.00,6.989099,6.99
2026-04-05,Cloud Memorystore for Redis,5AF5-2C11-D467,2.35,0.00,0.00,0.00,2.351982,2.35
2026-04-05,App Engine,F17B-412E-CB64,0.66,0.00,0.00,0.00,0.657822,0.66
2026-04-05,Cloud Storage,95FF-2EF5-5EA1,0.57,0.00,0.00,0.00,0.565952,0.57
2026-04-05,Cloud Build,8B5D-EF7D-EB12,0.01,0.00,0.00,0.00,0.007316,0.01
2026-04-05,Networking,E505-1604-58F8,0.14,0.00,0.00,-0.14,0.000000,0.00
2026-04-05,Compute Engine,6F81-5844-456A,-0.00,0.00,0.00,0.00,-0.000003,-0.00
2026-04-05,Secret Manager,EE82-7A5E-871C,-0.00,0.00,0.00,0.00,-0.000027,-0.00
2026-04-04,Gemini API,AEFD-7695-64FA,49.35,0.00,0.00,0.00,49.351466,49.35
2026-04-04,Artifact Registry,149C-F9EC-3994,8.94,0.00,0.00,0.00,8.937025,8.94
2026-04-04,Cloud Run,152E-C115-5142,7.60,0.00,0.00,0.00,7.600862,7.60
2026-04-04,Cloud Memorystore for Redis,5AF5-2C11-D467,2.35,0.00,0.00,0.00,2.351988,2.35
2026-04-04,App Engine,F17B-412E-CB64,0.65,0.00,0.00,0.00,0.648722,0.65
2026-04-04,Cloud Storage,95FF-2EF5-5EA1,0.56,0.00,0.00,0.00,0.557515,0.56
2026-04-04,Cloud Build,8B5D-EF7D-EB12,0.01,0.00,0.00,0.00,0.006709,0.01
2026-04-04,Networking,E505-1604-58F8,0.14,0.00,0.00,-0.14,0.000000,0.00
2026-04-04,Compute Engine,6F81-5844-456A,-0.00,0.00,0.00,0.00,-0.000001,-0.00
2026-04-04,Secret Manager,EE82-7A5E-871C,-0.00,0.00,0.00,0.00,-0.000009,-0.00
2026-04-03,Artifact Registry,149C-F9EC-3994,8.87,0.00,0.00,0.00,8.869756,8.87
2026-04-03,Cloud Run,152E-C115-5142,6.24,0.00,0.00,0.00,6.237809,6.24
2026-04-03,Gemini API,AEFD-7695-64FA,3.47,0.00,0.00,0.00,3.471129,3.47
2026-04-03,Cloud Memorystore for Redis,5AF5-2C11-D467,2.35,0.00,0.00,0.00,2.351982,2.35
2026-04-03,App Engine,F17B-412E-CB64,0.64,0.00,0.00,0.00,0.640070,0.64
2026-04-03,Cloud Storage,95FF-2EF5-5EA1,0.48,0.00,0.00,0.00,0.479504,0.48
2026-04-03,Cloud Build,8B5D-EF7D-EB12,0.00,0.00,0.00,0.00,0.001739,0.00
2026-04-03,Networking,E505-1604-58F8,0.14,0.00,0.00,-0.14,0.000000,0.00
2026-04-03,Compute Engine,6F81-5844-456A,-0.00,0.00,0.00,0.00,-0.000006,-0.00
2026-04-02,Gemini API,AEFD-7695-64FA,32.62,0.00,0.00,0.00,32.615401,32.62
2026-04-02,Artifact Registry,149C-F9EC-3994,8.86,0.00,0.00,0.00,8.861988,8.86
2026-04-02,Cloud Run,152E-C115-5142,6.45,0.00,0.00,-2.16,4.286717,4.29
2026-04-02,Cloud Memorystore for Redis,5AF5-2C11-D467,2.35,0.00,0.00,0.00,2.351987,2.35
2026-04-02,App Engine,F17B-412E-CB64,0.63,0.00,0.00,0.00,0.631131,0.63
2026-04-02,Cloud Storage,95FF-2EF5-5EA1,0.49,0.00,0.00,0.00,0.494276,0.49
2026-04-02,Cloud Build,8B5D-EF7D-EB12,0.00,0.00,0.00,0.00,0.002631,0.00
2026-04-02,Networking,E505-1604-58F8,0.14,0.00,0.00,-0.14,0.000000,0.00
2026-04-02,Compute Engine,6F81-5844-456A,-0.00,0.00,0.00,0.00,-0.000003,-0.00
2026-04-01,Gemini API,AEFD-7695-64FA,16.12,0.00,0.00,0.00,16.116787,16.12
2026-04-01,Artifact Registry,149C-F9EC-3994,8.76,0.00,0.00,0.00,8.764758,8.76
2026-04-01,Cloud Run,152E-C115-5142,6.11,0.00,0.00,-3.06,3.046346,3.05
2026-04-01,Cloud Memorystore for Redis,5AF5-2C11-D467,2.35,0.00,0.00,0.00,2.351985,2.35
2026-04-01,App Engine,F17B-412E-CB64,0.76,0.00,0.00,0.00,0.757669,0.76
2026-04-01,Cloud Storage,95FF-2EF5-5EA1,0.47,0.00,0.00,0.00,0.472927,0.47
2026-04-01,Cloud Build,8B5D-EF7D-EB12,0.00,0.00,0.00,0.00,0.001333,0.00
2026-04-01,Compute Engine,6F81-5844-456A,0.00,0.00,0.00,0.00,0.000005,0.00
2026-04-01,Networking,E505-1604-58F8,0.14,0.00,0.00,-0.14,0.000000,0.00
2026-03-31,Artifact Registry,149C-F9EC-3994,8.53,0.00,0.00,0.00,8.532543,8.53
2026-03-31,Cloud Run,152E-C115-5142,5.94,0.00,0.00,0.00,5.938049,5.94
2026-03-31,Gemini API,AEFD-7695-64FA,4.52,0.00,0.00,0.00,4.521139,4.52
2026-03-31,Cloud Memorystore for Redis,5AF5-2C11-D467,2.35,0.00,0.00,0.00,2.351986,2.35
2026-03-31,App Engine,F17B-412E-CB64,0.59,0.00,0.00,0.00,0.588629,0.59
2026-03-31,Cloud Storage,95FF-2EF5-5EA1,0.45,0.00,0.00,0.00,0.445835,0.45
2026-03-31,Compute Engine,6F81-5844-456A,0.14,0.00,0.00,0.00,0.140321,0.14
2026-03-31,Cloud Build,8B5D-EF7D-EB12,0.10,0.00,0.00,0.00,0.103229,0.10
2026-03-31,Secret Manager,EE82-7A5E-871C,0.00,0.00,0.00,0.00,0.000381,0.00
2026-03-31,Networking,E505-1604-58F8,0.14,0.00,0.00,-0.14,0.000000,0.00
2026-03-30,Gemini API,AEFD-7695-64FA,23.52,0.00,0.00,0.00,23.523666,23.52
2026-03-30,Artifact Registry,149C-F9EC-3994,8.52,0.00,0.00,0.00,8.521417,8.52
2026-03-30,Cloud Run,152E-C115-5142,6.13,0.00,0.00,0.00,6.134368,6.13
2026-03-30,Cloud Memorystore for Redis,5AF5-2C11-D467,2.35,0.00,0.00,0.00,2.351987,2.35
2026-03-30,App Engine,F17B-412E-CB64,0.59,0.00,0.00,0.00,0.589379,0.59
2026-03-30,Cloud Storage,95FF-2EF5-5EA1,0.46,0.00,0.00,0.00,0.462918,0.46
2026-03-30,Cloud Build,8B5D-EF7D-EB12,0.35,0.00,0.00,0.00,0.347869,0.35
2026-03-30,Compute Engine,6F81-5844-456A,0.14,0.00,0.00,0.00,0.140318,0.14
2026-03-30,Secret Manager,EE82-7A5E-871C,0.00,0.00,0.00,0.00,0.001289,0.00
2026-03-30,Networking,E505-1604-58F8,0.14,0.00,0.00,-0.14,0.000000,0.00
2026-03-29,Gemini API,AEFD-7695-64FA,14.56,0.00,0.00,0.00,14.563038,14.56
2026-03-29,Artifact Registry,149C-F9EC-3994,8.50,0.00,0.00,0.00,8.499447,8.50
2026-03-29,Cloud Run,152E-C115-5142,6.03,0.00,0.00,0.00,6.030540,6.03
2026-03-29,Cloud Memorystore for Redis,5AF5-2C11-D467,2.35,0.00,0.00,0.00,2.351982,2.35
2026-03-29,App Engine,F17B-412E-CB64,0.58,0.00,0.00,0.00,0.580855,0.58
2026-03-29,Cloud Storage,95FF-2EF5-5EA1,0.45,0.00,0.00,0.00,0.453613,0.45
2026-03-29,Cloud Build,8B5D-EF7D-EB12,0.23,0.00,0.00,0.00,0.230283,0.23
2026-03-29,Compute Engine,6F81-5844-456A,0.14,0.00,0.00,0.00,0.140311,0.14
2026-03-29,Secret Manager,EE82-7A5E-871C,0.10,0.00,0.00,0.00,0.098888,0.10
2026-03-29,Networking,E505-1604-58F8,0.14,0.00,0.00,-0.14,0.000000,0.00
2026-03-28,Artifact Registry,149C-F9EC-3994,8.49,0.00,0.00,0.00,8.492270,8.49
2026-03-28,Cloud Run,152E-C115-5142,5.90,0.00,0.00,0.00,5.903769,5.90
2026-03-28,Gemini API,AEFD-7695-64FA,5.25,0.00,0.00,0.00,5.251588,5.25
2026-03-28,Cloud Memorystore for Redis,5AF5-2C11-D467,2.35,0.00,0.00,0.00,2.351983,2.35
2026-03-28,App Engine,F17B-412E-CB64,0.57,0.00,0.00,0.00,0.572575,0.57
2026-03-28,Cloud Storage,95FF-2EF5-5EA1,0.45,0.00,0.00,0.00,0.445881,0.45
2026-03-28,Cloud Build,8B5D-EF7D-EB12,0.32,0.00,0.00,0.00,0.324990,0.32
2026-03-28,Compute Engine,6F81-5844-456A,0.14,0.00,0.00,0.00,0.140303,0.14
2026-03-28,Secret Manager,EE82-7A5E-871C,0.00,0.00,0.00,0.00,0.000575,0.00
2026-03-28,Networking,E505-1604-58F8,0.14,0.00,0.00,-0.14,0.000000,0.00
2026-03-27,Artifact Registry,149C-F9EC-3994,8.49,0.00,0.00,0.00,8.486202,8.49
2026-03-27,Cloud Run,152E-C115-5142,5.94,0.00,0.00,0.00,5.939402,5.94
2026-03-27,Gemini API,AEFD-7695-64FA,4.97,0.00,0.00,0.00,4.971250,4.97
2026-03-27,Cloud Memorystore for Redis,5AF5-2C11-D467,2.35,0.00,0.00,0.00,2.351986,2.35
2026-03-27,App Engine,F17B-412E-CB64,0.56,0.00,0.00,0.00,0.564050,0.56
2026-03-27,Cloud Storage,95FF-2EF5-5EA1,0.44,0.00,0.00,0.00,0.444692,0.44
2026-03-27,Compute Engine,6F81-5844-456A,0.14,0.00,0.00,0.00,0.140304,0.14
2026-03-27,Cloud Build,8B5D-EF7D-EB12,0.12,0.00,0.00,0.00,0.118827,0.12
2026-03-27,Secret Manager,EE82-7A5E-871C,0.00,0.00,0.00,0.00,0.000374,0.00
2026-03-27,Networking,E505-1604-58F8,0.14,0.00,0.00,-0.14,0.000000,0.00
2026-03-26,Artifact Registry,149C-F9EC-3994,8.48,0.00,0.00,0.00,8.482014,8.48
2026-03-26,Cloud Run,152E-C115-5142,5.90,0.00,0.00,0.00,5.899547,5.90
2026-03-26,Gemini API,AEFD-7695-64FA,5.25,0.00,0.00,0.00,5.248159,5.25
2026-03-26,Cloud Memorystore for Redis,5AF5-2C11-D467,2.35,0.00,0.00,0.00,2.351987,2.35
2026-03-26,App Engine,F17B-412E-CB64,0.56,0.00,0.00,0.00,0.556016,0.56
2026-03-26,Cloud Storage,95FF-2EF5-5EA1,0.44,0.00,0.00,0.00,0.441393,0.44
2026-03-26,Compute Engine,6F81-5844-456A,0.14,0.00,0.00,0.00,0.140310,0.14
2026-03-26,Secret Manager,EE82-7A5E-871C,0.11,0.00,0.00,0.00,0.110461,0.11
2026-03-26,Cloud Build,8B5D-EF7D-EB12,0.07,0.00,0.00,0.00,0.065069,0.07
2026-03-26,Networking,E505-1604-58F8,0.14,0.00,0.00,-0.14,0.000000,0.00
2026-03-25,Gemini API,AEFD-7695-64FA,9.58,0.00,0.00,0.00,9.582122,9.58
2026-03-25,Artifact Registry,149C-F9EC-3994,8.47,0.00,0.00,0.00,8.474282,8.47
2026-03-25,Cloud Run,152E-C115-5142,5.97,0.00,0.00,0.00,5.971316,5.97
2026-03-25,Cloud Memorystore for Redis,5AF5-2C11-D467,2.35,0.00,0.00,0.00,2.351988,2.35
2026-03-25,App Engine,F17B-412E-CB64,0.55,0.00,0.00,0.00,0.547115,0.55
2026-03-25,Cloud Storage,95FF-2EF5-5EA1,0.45,0.00,0.00,0.00,0.447701,0.45
2026-03-25,Cloud Build,8B5D-EF7D-EB12,0.25,0.00,0.00,0.00,0.248529,0.25
2026-03-25,Secret Manager,EE82-7A5E-871C,0.15,0.00,0.00,0.00,0.153693,0.15
2026-03-25,Compute Engine,6F81-5844-456A,0.14,0.00,0.00,0.00,0.140310,0.14
2026-03-25,Networking,E505-1604-58F8,0.14,0.00,0.00,-0.14,0.000000,0.00
2026-03-24,Artifact Registry,149C-F9EC-3994,8.45,0.00,0.00,0.00,8.454081,8.45
2026-03-24,Cloud Run,152E-C115-5142,5.96,0.00,0.00,0.00,5.962580,5.96
2026-03-24,Gemini API,AEFD-7695-64FA,2.80,0.00,0.00,0.00,2.799695,2.80
2026-03-24,Cloud Memorystore for Redis,5AF5-2C11-D467,2.35,0.00,0.00,0.00,2.351987,2.35
2026-03-24,App Engine,F17B-412E-CB64,0.54,0.00,0.00,0.00,0.538556,0.54
2026-03-24,Cloud Storage,95FF-2EF5-5EA1,0.46,0.00,0.00,0.00,0.460948,0.46
2026-03-24,Cloud Build,8B5D-EF7D-EB12,0.37,0.00,0.00,0.00,0.367847,0.37
2026-03-24,Secret Manager,EE82-7A5E-871C,0.15,0.00,0.00,0.00,0.154378,0.15
2026-03-24,Compute Engine,6F81-5844-456A,0.14,0.00,0.00,0.00,0.140310,0.14
2026-03-24,Networking,E505-1604-58F8,0.14,0.00,0.00,-0.14,0.000000,0.00
2026-03-23,Gemini API,AEFD-7695-64FA,11.29,0.00,0.00,0.00,11.290838,11.29
2026-03-23,Artifact Registry,149C-F9EC-3994,8.44,0.00,0.00,0.00,8.443065,8.44
2026-03-23,Cloud Run,152E-C115-5142,6.01,0.00,0.00,0.00,6.014756,6.01
2026-03-23,Cloud Memorystore for Redis,5AF5-2C11-D467,2.35,0.00,0.00,0.00,2.351984,2.35
2026-03-23,App Engine,F17B-412E-CB64,0.53,0.00,0.00,0.00,0.531434,0.53
2026-03-23,Cloud Storage,95FF-2EF5-5EA1,0.45,0.00,0.00,0.00,0.450049,0.45
2026-03-23,Cloud Build,8B5D-EF7D-EB12,0.20,0.00,0.00,0.00,0.203252,0.20
2026-03-23,Secret Manager,EE82-7A5E-871C,0.15,0.00,0.00,0.00,0.153889,0.15
2026-03-23,Compute Engine,6F81-5844-456A,0.14,0.00,0.00,0.00,0.140299,0.14
2026-03-23,Networking,E505-1604-58F8,0.14,0.00,0.00,-0.14,0.000000,0.00
2026-03-22,Artifact Registry,149C-F9EC-3994,8.44,0.00,0.00,0.00,8.435648,8.44
2026-03-22,Cloud Run,152E-C115-5142,5.93,0.00,0.00,0.00,5.933708,5.93
2026-03-22,Cloud Memorystore for Redis,5AF5-2C11-D467,2.35,0.00,0.00,0.00,2.351988,2.35
2026-03-22,Gemini API,AEFD-7695-64FA,1.52,0.00,0.00,0.00,1.524119,1.52
2026-03-22,App Engine,F17B-412E-CB64,0.52,0.00,0.00,0.00,0.521624,0.52
2026-03-22,Cloud Storage,95FF-2EF5-5EA1,0.44,0.00,0.00,0.00,0.437102,0.44
2026-03-22,Secret Manager,EE82-7A5E-871C,0.15,0.00,0.00,0.00,0.153398,0.15
2026-03-22,Compute Engine,6F81-5844-456A,0.14,0.00,0.00,0.00,0.140390,0.14
2026-03-22,Cloud Build,8B5D-EF7D-EB12,0.02,0.00,0.00,0.00,0.018672,0.02
2026-03-22,Networking,E505-1604-58F8,0.15,0.00,0.00,-0.15,0.000000,0.00
2026-03-21,Artifact Registry,149C-F9EC-3994,8.43,0.00,0.00,-3.83,4.603355,4.60
2026-03-21,Cloud Run,152E-C115-5142,5.91,0.00,0.00,-2.78,3.135131,3.14
2026-03-21,Cloud Memorystore for Redis,5AF5-2C11-D467,2.35,0.00,0.00,-1.07,1.283529,1.28
2026-03-21,Cloud Storage,95FF-2EF5-5EA1,0.45,0.00,0.00,-0.02,0.436199,0.44
2026-03-21,Secret Manager,EE82-7A5E-871C,0.15,0.00,0.00,-0.07,0.083557,0.08
2026-03-21,Gemini API,AEFD-7695-64FA,2.53,0.00,0.00,-2.51,0.013971,0.01
2026-03-21,App Engine,F17B-412E-CB64,0.51,0.00,0.00,-0.51,0.002583,0.00
2026-03-21,Cloud Build,8B5D-EF7D-EB12,0.24,0.00,0.00,-0.24,0.001766,0.00
2026-03-21,Networking,E505-1604-58F8,0.14,0.00,0.00,-0.14,0.000000,0.00
2026-03-21,Compute Engine,6F81-5844-456A,0.14,0.00,0.00,-0.18,-0.042321,-0.04
2026-03-20,Artifact Registry,149C-F9EC-3994,8.42,0.00,0.00,-8.30,0.115569,0.12
2026-03-20,Cloud Run,152E-C115-5142,5.92,0.00,0.00,-5.85,0.078864,0.08
2026-03-20,Cloud Memorystore for Redis,5AF5-2C11-D467,2.35,0.00,0.00,-2.32,0.032288,0.03
2026-03-20,Gemini API,AEFD-7695-64FA,2.81,0.00,0.00,-2.79,0.018812,0.02
2026-03-20,Cloud Storage,95FF-2EF5-5EA1,0.45,0.00,0.00,-0.44,0.004341,0.00
2026-03-20,App Engine,F17B-412E-CB64,0.51,0.00,0.00,-0.50,0.002179,0.00
2026-03-20,Secret Manager,EE82-7A5E-871C,0.15,0.00,0.00,-0.15,0.002108,0.00
2026-03-20,Cloud Build,8B5D-EF7D-EB12,0.18,0.00,0.00,-0.17,0.001880,0.00
2026-03-20,Networking,E505-1604-58F8,0.14,0.00,0.00,-0.14,0.000000,0.00
2026-03-20,Compute Engine,6F81-5844-456A,0.14,0.00,0.00,-0.40,-0.256189,-0.26
2026-03-19,Gemini API,AEFD-7695-64FA,10.75,0.00,0.00,-3.48,7.271561,7.27
2026-03-19,Artifact Registry,149C-F9EC-3994,8.39,0.00,0.00,-4.14,4.249608,4.25
2026-03-19,Cloud Run,152E-C115-5142,5.98,0.00,0.00,-3.02,2.964761,2.96
2026-03-19,Cloud Memorystore for Redis,5AF5-2C11-D467,2.35,0.00,0.00,-1.16,1.191361,1.19
2026-03-19,App Engine,F17B-412E-CB64,0.50,0.00,0.00,-0.00,0.498553,0.50
2026-03-19,Cloud Build,8B5D-EF7D-EB12,0.48,0.00,0.00,-0.33,0.155786,0.16
2026-03-19,Secret Manager,EE82-7A5E-871C,0.14,0.00,0.00,-0.08,0.059476,0.06
2026-03-19,Cloud Storage,95FF-2EF5-5EA1,0.47,0.00,0.00,-0.46,0.012400,0.01
2026-03-19,Networking,E505-1604-58F8,0.14,0.00,0.00,-0.14,0.000000,0.00
2026-03-19,Compute Engine,6F81-5844-456A,0.14,0.00,0.00,-0.20,-0.058078,-0.06
2026-03-18,Gemini API,AEFD-7695-64FA,21.50,0.00,0.00,0.00,21.501329,21.50
2026-03-18,Artifact Registry,149C-F9EC-3994,8.35,0.00,0.00,0.00,8.350024,8.35
2026-03-18,Cloud Run,152E-C115-5142,6.13,0.00,0.00,0.00,6.128217,6.13
2026-03-18,Cloud Memorystore for Redis,5AF5-2C11-D467,2.35,0.00,0.00,0.00,2.351984,2.35
2026-03-18,Cloud Build,8B5D-EF7D-EB12,0.80,0.00,0.00,0.00,0.800369,0.80
2026-03-18,App Engine,F17B-412E-CB64,0.56,0.00,0.00,0.00,0.563557,0.56
2026-03-18,Cloud Storage,95FF-2EF5-5EA1,0.49,0.00,0.00,0.00,0.491432,0.49
2026-03-18,Compute Engine,6F81-5844-456A,0.14,0.00,0.00,0.00,0.140311,0.14
2026-03-18,Secret Manager,EE82-7A5E-871C,0.00,0.00,0.00,0.00,0.002670,0.00
2026-03-18,Networking,E505-1604-58F8,0.14,0.00,0.00,-0.14,0.000000,0.00
2026-03-17,Gemini API,AEFD-7695-64FA,85.05,0.00,0.00,0.00,85.049015,85.05
2026-03-17,Artifact Registry,149C-F9EC-3994,8.31,0.00,0.00,0.00,8.310044,8.31
2026-03-17,Cloud Run,152E-C115-5142,6.15,0.00,0.00,0.00,6.148357,6.15
2026-03-17,Cloud Memorystore for Redis,5AF5-2C11-D467,2.35,0.00,0.00,0.00,2.351984,2.35
2026-03-17,Cloud Build,8B5D-EF7D-EB12,0.64,0.00,0.00,0.00,0.635721,0.64
2026-03-17,App Engine,F17B-412E-CB64,0.52,0.00,0.00,0.00,0.524077,0.52
2026-03-17,Cloud Storage,95FF-2EF5-5EA1,0.48,0.00,0.00,0.00,0.477629,0.48
2026-03-17,Compute Engine,6F81-5844-456A,0.14,0.00,0.00,0.00,0.140305,0.14
2026-03-17,Secret Manager,EE82-7A5E-871C,0.00,0.00,0.00,0.00,0.002378,0.00
2026-03-17,Networking,E505-1604-58F8,0.14,0.00,0.00,-0.14,0.000000,0.00
2026-03-16,Gemini API,AEFD-7695-64FA,13.79,0.00,0.00,0.00,13.785872,13.79
2026-03-16,Artifact Registry,149C-F9EC-3994,8.28,0.00,0.00,0.00,8.282876,8.28
2026-03-16,Cloud Run,152E-C115-5142,5.96,0.00,0.00,0.00,5.960619,5.96
2026-03-16,Cloud Memorystore for Redis,5AF5-2C11-D467,2.35,0.00,0.00,0.00,2.351984,2.35
2026-03-16,App Engine,F17B-412E-CB64,0.48,0.00,0.00,0.00,0.481584,0.48
2026-03-16,Cloud Storage,95FF-2EF5-5EA1,0.45,0.00,0.00,0.00,0.451211,0.45
2026-03-16,Cloud Build,8B5D-EF7D-EB12,0.31,0.00,0.00,0.00,0.305353,0.31
2026-03-16,Compute Engine,6F81-5844-456A,0.07,0.00,0.00,0.00,0.067320,0.07
2026-03-16,Secret Manager,EE82-7A5E-871C,0.00,0.00,0.00,0.00,0.001133,0.00
2026-03-16,Networking,E505-1604-58F8,0.14,0.00,0.00,-0.14,0.000000,0.00
2026-03-15,Gemini API,AEFD-7695-64FA,36.93,0.00,0.00,0.00,36.932394,36.93
2026-03-15,Artifact Registry,149C-F9EC-3994,8.27,0.00,0.00,0.00,8.269149,8.27
2026-03-15,Cloud Run,152E-C115-5142,5.96,0.00,0.00,0.00,5.959427,5.96
2026-03-15,Cloud Memorystore for Redis,5AF5-2C11-D467,2.35,0.00,0.00,0.00,2.351987,2.35
2026-03-15,App Engine,F17B-412E-CB64,0.47,0.00,0.00,0.00,0.469640,0.47
2026-03-15,Cloud Storage,95FF-2EF5-5EA1,0.46,0.00,0.00,0.00,0.460184,0.46
2026-03-15,Cloud Build,8B5D-EF7D-EB12,0.38,0.00,0.00,0.00,0.383723,0.38
2026-03-15,Secret Manager,EE82-7A5E-871C,0.09,0.00,0.00,0.00,0.086512,0.09
2026-03-15,Networking,E505-1604-58F8,0.14,0.00,0.00,-0.14,0.000000,0.00
2026-03-15,Compute Engine,6F81-5844-456A,-0.00,0.00,0.00,0.00,-0.000006,-0.00
2026-03-14,Gemini API,AEFD-7695-64FA,104.73,0.00,0.00,0.00,104.734539,104.73
2026-03-14,Artifact Registry,149C-F9EC-3994,8.15,0.00,0.00,0.00,8.146822,8.15
2026-03-14,Cloud Run,152E-C115-5142,6.50,0.00,0.00,0.00,6.503468,6.50
2026-03-14,Cloud Build,8B5D-EF7D-EB12,2.48,0.00,0.00,0.00,2.476647,2.48
2026-03-14,Cloud Memorystore for Redis,5AF5-2C11-D467,2.35,0.00,0.00,0.00,2.351985,2.35
2026-03-14,App Engine,F17B-412E-CB64,1.01,0.00,0.00,0.00,1.013780,1.01
2026-03-14,Cloud Storage,95FF-2EF5-5EA1,0.61,0.00,0.00,0.00,0.614865,0.61
2026-03-14,Secret Manager,EE82-7A5E-871C,0.16,0.00,0.00,0.00,0.161090,0.16
2026-03-14,Networking,E505-1604-58F8,0.14,0.00,0.00,-0.14,0.000000,0.00
2026-03-13,Gemini API,AEFD-7695-64FA,20.05,0.00,0.00,0.00,20.051111,20.05
2026-03-13,Artifact Registry,149C-F9EC-3994,8.06,0.00,0.00,0.00,8.064898,8.06
2026-03-13,Cloud Run,152E-C115-5142,6.08,0.00,0.00,0.00,6.079470,6.08
2026-03-13,Cloud Memorystore for Redis,5AF5-2C11-D467,2.35,0.00,0.00,0.00,2.351981,2.35
2026-03-13,Cloud Storage,95FF-2EF5-5EA1,0.50,0.00,0.00,0.00,0.502450,0.50
2026-03-13,App Engine,F17B-412E-CB64,0.48,0.00,0.00,0.00,0.481915,0.48
2026-03-13,Cloud Build,8B5D-EF7D-EB12,0.01,0.00,0.00,0.00,0.008273,0.01
2026-03-13,Secret Manager,EE82-7A5E-871C,0.00,0.00,0.00,0.00,0.003205,0.00
2026-03-13,Networking,E505-1604-58F8,0.14,0.00,0.00,-0.14,0.000000,0.00
2026-03-13,Compute Engine,6F81-5844-456A,-0.00,0.00,0.00,0.00,-0.000002,-0.00
2026-03-12,Gemini API,AEFD-7695-64FA,51.42,0.00,0.00,0.00,51.418361,51.42
2026-03-12,Artifact Registry,149C-F9EC-3994,8.01,0.00,0.00,0.00,8.014114,8.01
2026-03-12,Cloud Run,152E-C115-5142,5.97,0.00,0.00,0.00,5.974843,5.97
2026-03-12,Cloud Memorystore for Redis,5AF5-2C11-D467,2.35,0.00,0.00,0.00,2.351989,2.35
2026-03-12,Cloud Storage,95FF-2EF5-5EA1,0.47,0.00,0.00,0.00,0.470652,0.47
2026-03-12,App Engine,F17B-412E-CB64,0.45,0.00,0.00,0.00,0.449541,0.45
2026-03-12,Secret Manager,EE82-7A5E-871C,0.00,0.00,0.00,0.00,0.003936,0.00
2026-03-12,Cloud Build,8B5D-EF7D-EB12,0.00,0.00,0.00,0.00,0.002530,0.00
2026-03-12,Networking,E505-1604-58F8,0.14,0.00,0.00,-0.14,0.000000,0.00
2026-03-12,Compute Engine,6F81-5844-456A,-0.00,0.00,0.00,0.00,-0.000002,-0.00
2026-03-11,Gemini API,AEFD-7695-64FA,37.72,0.00,0.00,0.00,37.715079,37.72
2026-03-11,Artifact Registry,149C-F9EC-3994,8.00,0.00,0.00,0.00,7.998903,8.00
2026-03-11,Cloud Run,152E-C115-5142,5.92,0.00,0.00,0.00,5.916695,5.92
2026-03-11,Cloud Memorystore for Redis,5AF5-2C11-D467,2.35,0.00,0.00,0.00,2.351979,2.35
2026-03-11,App Engine,F17B-412E-CB64,0.63,0.00,0.00,0.00,0.627737,0.63
2026-03-11,Cloud Storage,95FF-2EF5-5EA1,0.44,0.00,0.00,0.00,0.435140,0.44
2026-03-11,Secret Manager,EE82-7A5E-871C,0.16,0.00,0.00,0.00,0.155004,0.16
2026-03-11,Cloud Build,8B5D-EF7D-EB12,0.00,0.00,0.00,0.00,0.000562,0.00
2026-03-11,Networking,E505-1604-58F8,0.14,0.00,0.00,-0.14,0.000000,0.00
2026-03-11,Compute Engine,6F81-5844-456A,-0.00,0.00,0.00,0.00,-0.000001,-0.00
2026-03-10,Gemini API,AEFD-7695-64FA,31.11,0.00,0.00,0.00,31.108008,31.11
2026-03-10,Artifact Registry,149C-F9EC-3994,7.97,0.00,0.00,0.00,7.967210,7.97
2026-03-10,Cloud Run,152E-C115-5142,6.27,0.00,0.00,0.00,6.268364,6.27
2026-03-10,Cloud Memorystore for Redis,5AF5-2C11-D467,2.35,0.00,0.00,0.00,2.351982,2.35
2026-03-10,App Engine,F17B-412E-CB64,0.49,0.00,0.00,0.00,0.494516,0.49
2026-03-10,Cloud Storage,95FF-2EF5-5EA1,0.48,0.00,0.00,0.00,0.483818,0.48
2026-03-10,Secret Manager,EE82-7A5E-871C,0.16,0.00,0.00,0.00,0.155770,0.16
2026-03-10,Cloud Build,8B5D-EF7D-EB12,0.00,0.00,0.00,0.00,0.003068,0.00
2026-03-10,Networking,E505-1604-58F8,0.14,0.00,0.00,-0.14,0.000000,0.00
2026-03-10,Compute Engine,6F81-5844-456A,-0.00,0.00,0.00,0.00,-0.000002,-0.00
2026-03-09,Gemini API,AEFD-7695-64FA,11.83,0.00,0.00,0.00,11.828933,11.83
2026-03-09,Artifact Registry,149C-F9EC-3994,7.93,0.00,0.00,0.00,7.933691,7.93
2026-03-09,Cloud Run,152E-C115-5142,6.10,0.00,0.00,0.00,6.102832,6.10
2026-03-09,Cloud Memorystore for Redis,5AF5-2C11-D467,2.35,0.00,0.00,0.00,2.351987,2.35
2026-03-09,Cloud Storage,95FF-2EF5-5EA1,0.45,0.00,0.00,0.00,0.452030,0.45
2026-03-09,App Engine,F17B-412E-CB64,0.42,0.00,0.00,0.00,0.422408,0.42
2026-03-09,Secret Manager,EE82-7A5E-871C,0.15,0.00,0.00,0.00,0.154609,0.15
2026-03-09,Cloud Build,8B5D-EF7D-EB12,0.00,0.00,0.00,0.00,0.001621,0.00
2026-03-09,Networking,E505-1604-58F8,0.14,0.00,0.00,-0.14,0.000000,0.00
2026-03-08,Gemini API,AEFD-7695-64FA,10.85,0.00,0.00,0.00,10.849108,10.85
2026-03-08,Artifact Registry,149C-F9EC-3994,7.57,0.00,0.00,0.00,7.566828,7.57
2026-03-08,Cloud Run,152E-C115-5142,4.62,0.00,0.00,0.00,4.620487,4.62
2026-03-08,Cloud Memorystore for Redis,5AF5-2C11-D467,2.25,0.00,0.00,0.00,2.253983,2.25
2026-03-08,Cloud Storage,95FF-2EF5-5EA1,0.49,0.00,0.00,0.00,0.494795,0.49
2026-03-08,App Engine,F17B-412E-CB64,0.47,0.00,0.00,0.00,0.466589,0.47
2026-03-08,Secret Manager,EE82-7A5E-871C,0.15,0.00,0.00,0.00,0.148449,0.15
2026-03-08,Cloud Build,8B5D-EF7D-EB12,0.00,0.00,0.00,0.00,0.004254,0.00
2026-03-08,Compute Engine,6F81-5844-456A,0.00,0.00,0.00,0.00,0.000001,0.00
2026-03-08,Networking,E505-1604-58F8,0.14,0.00,0.00,-0.14,0.000000,0.00
2026-03-07,Gemini API,AEFD-7695-64FA,49.89,0.00,0.00,0.00,49.892690,49.89
2026-03-07,Artifact Registry,149C-F9EC-3994,7.84,0.00,0.00,0.00,7.839536,7.84
2026-03-07,Cloud Run,152E-C115-5142,4.71,0.00,0.00,0.00,4.712903,4.71
2026-03-07,Cloud Memorystore for Redis,5AF5-2C11-D467,2.35,0.00,0.00,0.00,2.351983,2.35
2026-03-07,Cloud Storage,95FF-2EF5-5EA1,0.63,0.00,0.00,0.00,0.632354,0.63
2026-03-07,App Engine,F17B-412E-CB64,0.44,0.00,0.00,0.00,0.441266,0.44
2026-03-07,Secret Manager,EE82-7A5E-871C,0.16,0.00,0.00,0.00,0.155060,0.16
2026-03-07,Cloud Build,8B5D-EF7D-EB12,0.00,0.00,0.00,0.00,0.004594,0.00
2026-03-07,Networking,E505-1604-58F8,0.15,0.00,0.00,-0.15,0.000000,0.00
2026-03-07,Compute Engine,6F81-5844-456A,-0.00,0.00,0.00,0.00,-0.000003,-0.00
2026-03-06,Gemini API,AEFD-7695-64FA,28.09,0.00,0.00,0.00,28.094554,28.09
2026-03-06,Artifact Registry,149C-F9EC-3994,7.80,0.00,0.00,0.00,7.797358,7.80
2026-03-06,Cloud Run,152E-C115-5142,4.51,0.00,0.00,0.00,4.508326,4.51
2026-03-06,Cloud Memorystore for Redis,5AF5-2C11-D467,2.35,0.00,0.00,0.00,2.351985,2.35
2026-03-06,App Engine,F17B-412E-CB64,0.62,0.00,0.00,0.00,0.619771,0.62
2026-03-06,Cloud Storage,95FF-2EF5-5EA1,0.55,0.00,0.00,0.00,0.546622,0.55
2026-03-06,Cloud Build,8B5D-EF7D-EB12,0.00,0.00,0.00,0.00,0.002700,0.00
2026-03-06,Secret Manager,EE82-7A5E-871C,0.00,0.00,0.00,0.00,0.000752,0.00
2026-03-06,Networking,E505-1604-58F8,0.14,0.00,0.00,-0.14,0.000000,0.00
2026-03-06,Compute Engine,6F81-5844-456A,-0.00,0.00,0.00,0.00,-0.000001,-0.00
2026-03-05,Gemini API,AEFD-7695-64FA,26.11,0.00,0.00,0.00,26.109346,26.11
2026-03-05,Artifact Registry,149C-F9EC-3994,7.74,0.00,0.00,0.00,7.744018,7.74
2026-03-05,Cloud Run,152E-C115-5142,4.76,0.00,0.00,0.00,4.764991,4.76
2026-03-05,Cloud Memorystore for Redis,5AF5-2C11-D467,2.35,0.00,0.00,0.00,2.351983,2.35
2026-03-05,App Engine,F17B-412E-CB64,1.41,0.00,0.00,0.00,1.414992,1.41
2026-03-05,Cloud Storage,95FF-2EF5-5EA1,0.64,0.00,0.00,0.00,0.644248,0.64
2026-03-05,Secret Manager,EE82-7A5E-871C,0.09,0.00,0.00,0.00,0.089648,0.09
2026-03-05,Cloud Build,8B5D-EF7D-EB12,0.01,0.00,0.00,0.00,0.005343,0.01
2026-03-05,Networking,E505-1604-58F8,0.14,0.00,0.00,-0.14,0.000000,0.00
2026-03-05,Compute Engine,6F81-5844-456A,-0.00,0.00,0.00,0.00,-0.000001,-0.00
2026-03-04,Gemini API,AEFD-7695-64FA,25.99,0.00,0.00,0.00,25.991884,25.99
2026-03-04,Artifact Registry,149C-F9EC-3994,7.65,0.00,0.00,0.00,7.646918,7.65
2026-03-04,Cloud Run,152E-C115-5142,4.83,0.00,0.00,0.00,4.830890,4.83
2026-03-04,Cloud Memorystore for Redis,5AF5-2C11-D467,2.35,0.00,0.00,0.00,2.351986,2.35
2026-03-04,App Engine,F17B-412E-CB64,0.87,0.00,0.00,0.00,0.874204,0.87
2026-03-04,Cloud Storage,95FF-2EF5-5EA1,0.68,0.00,0.00,0.00,0.684276,0.68
2026-03-04,Secret Manager,EE82-7A5E-871C,0.15,0.00,0.00,0.00,0.151136,0.15
2026-03-04,Cloud Build,8B5D-EF7D-EB12,0.01,0.00,0.00,0.00,0.005984,0.01
2026-03-04,Networking,E505-1604-58F8,0.14,0.00,0.00,-0.14,0.000000,0.00
2026-03-03,Gemini API,AEFD-7695-64FA,44.18,0.00,0.00,0.00,44.180615,44.18
2026-03-03,Artifact Registry,149C-F9EC-3994,7.52,0.00,0.00,0.00,7.522269,7.52
2026-03-03,Cloud Run,152E-C115-5142,4.90,0.00,0.00,-1.40,3.497006,3.50
2026-03-03,Cloud Memorystore for Redis,5AF5-2C11-D467,2.35,0.00,0.00,0.00,2.351982,2.35
2026-03-03,App Engine,F17B-412E-CB64,1.16,0.00,0.00,0.00,1.159032,1.16
2026-03-03,Cloud Storage,95FF-2EF5-5EA1,0.81,0.00,0.00,0.00,0.809066,0.81
2026-03-03,Secret Manager,EE82-7A5E-871C,0.09,0.00,0.00,0.00,0.093486,0.09
2026-03-03,Cloud Build,8B5D-EF7D-EB12,0.01,0.00,0.00,0.00,0.007964,0.01
2026-03-03,Networking,E505-1604-58F8,0.14,0.00,0.00,-0.14,0.000000,0.00
2026-03-03,Compute Engine,6F81-5844-456A,-0.00,0.00,0.00,0.00,-0.000002,-0.00
2026-03-02,Gemini API,AEFD-7695-64FA,18.23,0.00,0.00,0.00,18.233134,18.23
2026-03-02,Artifact Registry,149C-F9EC-3994,7.43,0.00,0.00,0.00,7.430047,7.43
2026-03-02,Cloud Run,152E-C115-5142,4.65,0.00,0.00,-1.49,3.154497,3.15
2026-03-02,Cloud Memorystore for Redis,5AF5-2C11-D467,2.35,0.00,0.00,0.00,2.351983,2.35
2026-03-02,App Engine,F17B-412E-CB64,0.84,0.00,0.00,0.00,0.844926,0.84
2026-03-02,Cloud Storage,95FF-2EF5-5EA1,0.75,0.00,0.00,0.00,0.751087,0.75
2026-03-02,Cloud Build,8B5D-EF7D-EB12,0.01,0.00,0.00,0.00,0.007637,0.01
2026-03-02,Networking,E505-1604-58F8,0.14,0.00,0.00,-0.14,0.000000,0.00
2026-03-01,Gemini API,AEFD-7695-64FA,28.62,0.00,0.00,0.00,28.619489,28.62
2026-03-01,Artifact Registry,149C-F9EC-3994,7.26,0.00,0.00,0.00,7.256106,7.26
2026-03-01,Cloud Memorystore for Redis,5AF5-2C11-D467,2.35,0.00,0.00,0.00,2.351982,2.35
2026-03-01,Cloud Run,152E-C115-5142,4.57,0.00,0.00,-2.32,2.248593,2.25
2026-03-01,Cloud Storage,95FF-2EF5-5EA1,0.80,0.00,0.00,0.00,0.803777,0.80
2026-03-01,App Engine,F17B-412E-CB64,0.35,0.00,0.00,0.00,0.345889,0.35
2026-03-01,Cloud Build,8B5D-EF7D-EB12,0.01,0.00,0.00,0.00,0.008683,0.01
2026-03-01,Networking,E505-1604-58F8,0.14,0.00,0.00,-0.14,0.000000,0.00
2026-03-01,Compute Engine,6F81-5844-456A,-0.00,0.00,0.00,0.00,-0.000003,-0.00
2026-02-28,Gemini API,AEFD-7695-64FA,13.45,0.00,0.00,0.00,13.447553,13.45
2026-02-28,Artifact Registry,149C-F9EC-3994,7.93,0.00,0.00,0.00,7.932814,7.93
2026-02-28,Cloud Run,152E-C115-5142,4.58,0.00,0.00,0.00,4.575447,4.58
2026-02-28,Cloud Memorystore for Redis,5AF5-2C11-D467,2.35,0.00,0.00,0.00,2.351985,2.35
2026-02-28,Cloud Build,8B5D-EF7D-EB12,2.03,0.00,0.00,0.00,2.026384,2.03
2026-02-28,Cloud Storage,95FF-2EF5-5EA1,0.80,0.00,0.00,0.00,0.795101,0.80
2026-02-28,App Engine,F17B-412E-CB64,0.39,0.00,0.00,0.00,0.388292,0.39
2026-02-28,Secret Manager,EE82-7A5E-871C,0.17,0.00,0.00,0.00,0.174383,0.17
2026-02-28,Compute Engine,6F81-5844-456A,0.14,0.00,0.00,0.00,0.140310,0.14
2026-02-28,Networking,E505-1604-58F8,0.14,0.00,0.00,-0.14,0.000000,0.00
2026-02-27,Artifact Registry,149C-F9EC-3994,7.84,0.00,0.00,0.00,7.840645,7.84
2026-02-27,Cloud Run,152E-C115-5142,4.29,0.00,0.00,0.00,4.294991,4.29
2026-02-27,Gemini API,AEFD-7695-64FA,2.68,0.00,0.00,0.00,2.683426,2.68
2026-02-27,Cloud Memorystore for Redis,5AF5-2C11-D467,2.35,0.00,0.00,0.00,2.351983,2.35
2026-02-27,Cloud Build,8B5D-EF7D-EB12,0.79,0.00,0.00,0.00,0.794520,0.79
2026-02-27,Cloud Storage,95FF-2EF5-5EA1,0.54,0.00,0.00,0.00,0.540128,0.54
2026-02-27,App Engine,F17B-412E-CB64,0.38,0.00,0.00,0.00,0.379833,0.38
2026-02-27,Secret Manager,EE82-7A5E-871C,0.17,0.00,0.00,0.00,0.170807,0.17
2026-02-27,Compute Engine,6F81-5844-456A,0.14,0.00,0.00,0.00,0.140302,0.14
2026-02-27,Networking,E505-1604-58F8,0.14,0.00,0.00,-0.14,0.000000,0.00
2026-02-26,Artifact Registry,149C-F9EC-3994,7.80,0.00,0.00,0.00,7.798624,7.80
2026-02-26,Gemini API,AEFD-7695-64FA,5.75,0.00,0.00,0.00,5.752936,5.75
2026-02-26,Cloud Run,152E-C115-5142,4.38,0.00,0.00,0.00,4.382629,4.38
2026-02-26,Cloud Memorystore for Redis,5AF5-2C11-D467,2.35,0.00,0.00,0.00,2.351987,2.35
2026-02-26,Cloud Build,8B5D-EF7D-EB12,0.77,0.00,0.00,0.00,0.768603,0.77
2026-02-26,Cloud Storage,95FF-2EF5-5EA1,0.53,0.00,0.00,0.00,0.529309,0.53
2026-02-26,App Engine,F17B-412E-CB64,0.37,0.00,0.00,0.00,0.371970,0.37
2026-02-26,Secret Manager,EE82-7A5E-871C,0.17,0.00,0.00,0.00,0.170250,0.17
2026-02-26,Compute Engine,6F81-5844-456A,0.14,0.00,0.00,0.00,0.140310,0.14
2026-02-26,Networking,E505-1604-58F8,0.14,0.00,0.00,-0.14,0.000000,0.00
2026-02-25,Artifact Registry,149C-F9EC-3994,7.74,0.00,0.00,0.00,7.744083,7.74
2026-02-25,Gemini API,AEFD-7695-64FA,4.36,0.00,0.00,0.00,4.361693,4.36
2026-02-25,Cloud Run,152E-C115-5142,4.32,0.00,0.00,0.00,4.318214,4.32
2026-02-25,Cloud Memorystore for Redis,5AF5-2C11-D467,2.35,0.00,0.00,0.00,2.351990,2.35
2026-02-25,Cloud Build,8B5D-EF7D-EB12,0.80,0.00,0.00,0.00,0.804838,0.80
2026-02-25,Cloud Storage,95FF-2EF5-5EA1,0.53,0.00,0.00,0.00,0.525238,0.53
2026-02-25,App Engine,F17B-412E-CB64,0.37,0.00,0.00,0.00,0.373063,0.37
2026-02-25,Secret Manager,EE82-7A5E-871C,0.17,0.00,0.00,0.00,0.170409,0.17
2026-02-25,Compute Engine,6F81-5844-456A,0.14,0.00,0.00,0.00,0.140306,0.14
2026-02-25,Networking,E505-1604-58F8,0.14,0.00,0.00,-0.14,0.000000,0.00
2026-02-24,Gemini API,AEFD-7695-64FA,10.56,0.00,0.00,0.00,10.561011,10.56
2026-02-24,Artifact Registry,149C-F9EC-3994,7.66,0.00,0.00,0.00,7.664973,7.66
2026-02-24,Cloud Run,152E-C115-5142,4.57,0.00,0.00,0.00,4.569735,4.57
2026-02-24,Cloud Memorystore for Redis,5AF5-2C11-D467,2.35,0.00,0.00,0.00,2.351983,2.35
2026-02-24,Cloud Build,8B5D-EF7D-EB12,1.29,0.00,0.00,0.00,1.290890,1.29
2026-02-24,Cloud Storage,95FF-2EF5-5EA1,0.59,0.00,0.00,0.00,0.588948,0.59
2026-02-24,App Engine,F17B-412E-CB64,0.37,0.00,0.00,0.00,0.366830,0.37
2026-02-24,Secret Manager,EE82-7A5E-871C,0.17,0.00,0.00,0.00,0.171503,0.17
2026-02-24,Compute Engine,6F81-5844-456A,0.14,0.00,0.00,0.00,0.140304,0.14
2026-02-24,Networking,E505-1604-58F8,0.14,0.00,0.00,-0.14,0.000000,0.00
2026-02-23,Gemini API,AEFD-7695-64FA,13.14,0.00,0.00,0.00,13.139617,13.14
2026-02-23,Artifact Registry,149C-F9EC-3994,7.59,0.00,0.00,0.00,7.588826,7.59
2026-02-23,Cloud Run,152E-C115-5142,4.43,0.00,0.00,0.00,4.427186,4.43
2026-02-23,Cloud Memorystore for Redis,5AF5-2C11-D467,2.35,0.00,0.00,0.00,2.351984,2.35
2026-02-23,Cloud Build,8B5D-EF7D-EB12,1.10,0.00,0.00,0.00,1.097210,1.10
2026-02-23,Cloud Storage,95FF-2EF5-5EA1,0.56,0.00,0.00,0.00,0.561178,0.56
2026-02-23,App Engine,F17B-412E-CB64,0.37,0.00,0.00,0.00,0.365896,0.37
2026-02-23,Secret Manager,EE82-7A5E-871C,0.17,0.00,0.00,0.00,0.171057,0.17
2026-02-23,Compute Engine,6F81-5844-456A,0.14,0.00,0.00,0.00,0.140307,0.14
2026-02-23,Networking,E505-1604-58F8,0.14,0.00,0.00,-0.14,0.000000,0.00
2026-02-22,Gemini API,AEFD-7695-64FA,27.79,0.00,0.00,0.00,27.788016,27.79
2026-02-22,Artifact Registry,149C-F9EC-3994,7.45,0.00,0.00,0.00,7.447115,7.45
2026-02-22,Cloud Run,152E-C115-5142,4.70,0.00,0.00,0.00,4.701416,4.70
2026-02-22,Cloud Build,8B5D-EF7D-EB12,3.11,0.00,0.00,0.00,3.110433,3.11
2026-02-22,Cloud Memorystore for Redis,5AF5-2C11-D467,2.35,0.00,0.00,0.00,2.351980,2.35
2026-02-22,Cloud Storage,95FF-2EF5-5EA1,0.84,0.00,0.00,0.00,0.843245,0.84
2026-02-22,App Engine,F17B-412E-CB64,0.35,0.00,0.00,0.00,0.353870,0.35
2026-02-22,Secret Manager,EE82-7A5E-871C,0.17,0.00,0.00,0.00,0.171154,0.17
2026-02-22,Compute Engine,6F81-5844-456A,0.14,0.00,0.00,0.00,0.140298,0.14
2026-02-22,Networking,E505-1604-58F8,0.14,0.00,0.00,-0.14,0.000000,0.00
2026-02-21,Gemini API,AEFD-7695-64FA,82.04,0.00,0.00,0.00,82.038729,82.04
2026-02-21,Artifact Registry,149C-F9EC-3994,7.26,0.00,0.00,0.00,7.260041,7.26
2026-02-21,Cloud Run,152E-C115-5142,4.91,0.00,0.00,0.00,4.909137,4.91
2026-02-21,Cloud Memorystore for Redis,5AF5-2C11-D467,2.35,0.00,0.00,0.00,2.351984,2.35
2026-02-21,Cloud Build,8B5D-EF7D-EB12,2.20,0.00,0.00,0.00,2.200821,2.20
2026-02-21,Cloud Storage,95FF-2EF5-5EA1,0.69,0.00,0.00,0.00,0.686383,0.69
2026-02-21,App Engine,F17B-412E-CB64,0.40,0.00,0.00,0.00,0.402459,0.40
2026-02-21,Secret Manager,EE82-7A5E-871C,0.17,0.00,0.00,0.00,0.169747,0.17
2026-02-21,Compute Engine,6F81-5844-456A,0.14,0.00,0.00,0.00,0.140312,0.14
2026-02-21,Networking,E505-1604-58F8,0.14,0.00,0.00,-0.14,0.000000,0.00
2026-02-20,Artifact Registry,149C-F9EC-3994,7.19,0.00,0.00,-6.46,0.724179,0.72
2026-02-20,Gemini API,AEFD-7695-64FA,13.60,0.00,0.00,-13.20,0.396588,0.40
2026-02-20,Cloud Run,152E-C115-5142,4.37,0.00,0.00,-3.97,0.392243,0.39
2026-02-20,Cloud Storage,95FF-2EF5-5EA1,0.49,0.00,0.00,-0.11,0.378596,0.38
2026-02-20,Cloud Memorystore for Redis,5AF5-2C11-D467,2.35,0.00,0.00,-2.12,0.236337,0.24
2026-02-20,Cloud Build,8B5D-EF7D-EB12,0.82,0.00,0.00,-0.75,0.071039,0.07
2026-02-20,Secret Manager,EE82-7A5E-871C,0.17,0.00,0.00,-0.15,0.016726,0.02
2026-02-20,App Engine,F17B-412E-CB64,0.34,0.00,0.00,-0.34,0.003714,0.00
2026-02-20,Networking,E505-1604-58F8,0.14,0.00,0.00,-0.14,0.000000,0.00
2026-02-20,Compute Engine,6F81-5844-456A,0.14,0.00,0.00,-0.36,-0.221315,-0.22
2026-02-19,Gemini API,AEFD-7695-64FA,12.60,0.00,0.00,-8.76,3.839011,3.84
2026-02-19,Artifact Registry,149C-F9EC-3994,7.11,0.00,0.00,-3.56,3.551588,3.55
2026-02-19,Cloud Run,152E-C115-5142,4.31,0.00,0.00,-2.16,2.142244,2.14
2026-02-19,Cloud Memorystore for Redis,5AF5-2C11-D467,2.35,0.00,0.00,-1.17,1.179043,1.18
2026-02-19,App Engine,F17B-412E-CB64,0.31,0.00,0.00,-0.00,0.312697,0.31
2026-02-19,Cloud Build,8B5D-EF7D-EB12,1.40,0.00,0.00,-1.09,0.303750,0.30
2026-02-19,Secret Manager,EE82-7A5E-871C,0.16,0.00,0.00,-0.08,0.079080,0.08
2026-02-19,Cloud Storage,95FF-2EF5-5EA1,0.56,0.00,0.00,-0.51,0.049512,0.05
2026-02-19,Networking,E505-1604-58F8,0.14,0.00,0.00,-0.14,0.000000,0.00
2026-02-19,Compute Engine,6F81-5844-456A,0.14,0.00,0.00,-0.20,-0.060182,-0.06
2026-02-18,Gemini API,AEFD-7695-64FA,8.79,0.00,0.00,0.00,8.792679,8.79
2026-02-18,Artifact Registry,149C-F9EC-3994,7.01,0.00,0.00,0.00,7.005499,7.01
2026-02-18,Cloud Run,152E-C115-5142,4.35,0.00,0.00,0.00,4.350548,4.35
2026-02-18,Cloud Memorystore for Redis,5AF5-2C11-D467,2.35,0.00,0.00,0.00,2.351989,2.35
2026-02-18,Cloud Build,8B5D-EF7D-EB12,1.79,0.00,0.00,0.00,1.789957,1.79
2026-02-18,Cloud Storage,95FF-2EF5-5EA1,0.63,0.00,0.00,0.00,0.633758,0.63
2026-02-18,App Engine,F17B-412E-CB64,0.36,0.00,0.00,0.00,0.356043,0.36
2026-02-18,Secret Manager,EE82-7A5E-871C,0.16,0.00,0.00,0.00,0.160438,0.16
2026-02-18,Compute Engine,6F81-5844-456A,0.14,0.00,0.00,0.00,0.140312,0.14
2026-02-18,Networking,E505-1604-58F8,0.14,0.00,0.00,-0.14,0.000000,0.00
2026-02-17,Gemini API,AEFD-7695-64FA,12.41,0.00,0.00,0.00,12.411104,12.41
2026-02-17,Artifact Registry,149C-F9EC-3994,6.90,0.00,0.00,0.00,6.899554,6.90
2026-02-17,Cloud Run,152E-C115-5142,4.22,0.00,0.00,0.00,4.222217,4.22
2026-02-17,Cloud Memorystore for Redis,5AF5-2C11-D467,2.35,0.00,0.00,0.00,2.351981,2.35
2026-02-17,Cloud Build,8B5D-EF7D-EB12,1.36,0.00,0.00,0.00,1.359897,1.36
2026-02-17,Cloud Storage,95FF-2EF5-5EA1,0.56,0.00,0.00,0.00,0.564315,0.56
2026-02-17,App Engine,F17B-412E-CB64,0.30,0.00,0.00,0.00,0.297870,0.30
2026-02-17,Secret Manager,EE82-7A5E-871C,0.16,0.00,0.00,0.00,0.158677,0.16
2026-02-17,Compute Engine,6F81-5844-456A,0.14,0.00,0.00,0.00,0.140306,0.14
2026-02-17,Networking,E505-1604-58F8,0.14,0.00,0.00,-0.14,0.000000,0.00
2026-02-16,Gemini API,AEFD-7695-64FA,29.18,0.00,0.00,0.00,29.179231,29.18
2026-02-16,Artifact Registry,149C-F9EC-3994,6.74,0.00,0.00,0.00,6.744943,6.74
2026-02-16,Cloud Run,152E-C115-5142,4.40,0.00,0.00,0.00,4.402890,4.40
2026-02-16,Cloud Build,8B5D-EF7D-EB12,3.20,0.00,0.00,0.00,3.196695,3.20
2026-02-16,Cloud Memorystore for Redis,5AF5-2C11-D467,2.35,0.00,0.00,0.00,2.351986,2.35
2026-02-16,Cloud Storage,95FF-2EF5-5EA1,0.80,0.00,0.00,0.00,0.803949,0.80
2026-02-16,App Engine,F17B-412E-CB64,0.28,0.00,0.00,0.00,0.283925,0.28
2026-02-16,Secret Manager,EE82-7A5E-871C,0.16,0.00,0.00,0.00,0.162982,0.16
2026-02-16,Compute Engine,6F81-5844-456A,0.14,0.00,0.00,0.00,0.140305,0.14
2026-02-16,Networking,E505-1604-58F8,0.14,0.00,0.00,-0.14,0.000000,0.00
2026-02-15,Gemini API,AEFD-7695-64FA,38.61,0.00,0.00,0.00,38.613864,38.61
2026-02-15,Artifact Registry,149C-F9EC-3994,6.56,0.00,0.00,0.00,6.556856,6.56
2026-02-15,Cloud Run,152E-C115-5142,4.48,0.00,0.00,0.00,4.476986,4.48
2026-02-15,Cloud Build,8B5D-EF7D-EB12,2.81,0.00,0.00,0.00,2.805314,2.81
2026-02-15,Cloud Memorystore for Redis,5AF5-2C11-D467,2.35,0.00,0.00,0.00,2.351983,2.35
2026-02-15,Cloud Storage,95FF-2EF5-5EA1,0.73,0.00,0.00,0.00,0.728346,0.73
2026-02-15,App Engine,F17B-412E-CB64,0.41,0.00,0.00,0.00,0.413127,0.41
2026-02-15,Secret Manager,EE82-7A5E-871C,0.16,0.00,0.00,0.00,0.162333,0.16
2026-02-15,Compute Engine,6F81-5844-456A,0.14,0.00,0.00,0.00,0.140300,0.14
2026-02-15,Networking,E505-1604-58F8,0.14,0.00,0.00,-0.14,0.000000,0.00
2026-02-14,Gemini API,AEFD-7695-64FA,67.64,0.00,0.00,0.00,67.641750,67.64
2026-02-14,Artifact Registry,149C-F9EC-3994,6.37,0.00,0.00,0.00,6.368865,6.37
2026-02-14,Cloud Run,152E-C115-5142,4.98,0.00,0.00,0.00,4.983550,4.98
2026-02-14,Cloud Build,8B5D-EF7D-EB12,3.50,0.00,0.00,0.00,3.502872,3.50
2026-02-14,Cloud Memorystore for Redis,5AF5-2C11-D467,2.35,0.00,0.00,0.00,2.351988,2.35
2026-02-14,Cloud Storage,95FF-2EF5-5EA1,0.77,0.00,0.00,0.00,0.769826,0.77
2026-02-14,App Engine,F17B-412E-CB64,0.38,0.00,0.00,0.00,0.375001,0.38
2026-02-14,Secret Manager,EE82-7A5E-871C,0.17,0.00,0.00,0.00,0.165130,0.17
2026-02-14,Networking,E505-1604-58F8,0.14,0.00,0.00,-0.14,0.000000,0.00
2026-02-14,Compute Engine,6F81-5844-456A,-0.00,0.00,0.00,0.00,-0.000005,-0.00
2026-02-13,Gemini API,AEFD-7695-64FA,44.13,0.00,0.00,0.00,44.129054,44.13
2026-02-13,Artifact Registry,149C-F9EC-3994,6.05,0.00,0.00,0.00,6.047789,6.05
2026-02-13,Cloud Build,8B5D-EF7D-EB12,5.45,0.00,0.00,0.00,5.445916,5.45
2026-02-13,Cloud Run,152E-C115-5142,4.76,0.00,0.00,0.00,4.755767,4.76
2026-02-13,Cloud Memorystore for Redis,5AF5-2C11-D467,2.35,0.00,0.00,0.00,2.351986,2.35
2026-02-13,Cloud Storage,95FF-2EF5-5EA1,1.04,0.00,0.00,0.00,1.035582,1.04
2026-02-13,App Engine,F17B-412E-CB64,0.28,0.00,0.00,0.00,0.282994,0.28
2026-02-13,Secret Manager,EE82-7A5E-871C,0.17,0.00,0.00,0.00,0.168319,0.17
2026-02-13,Networking,E505-1604-58F8,0.14,0.00,0.00,-0.14,0.000000,0.00
2026-02-13,Compute Engine,6F81-5844-456A,-0.00,0.00,0.00,0.00,-0.000002,-0.00
2026-02-12,Gemini API,AEFD-7695-64FA,34.78,0.00,0.00,0.00,34.780125,34.78
2026-02-12,Artifact Registry,149C-F9EC-3994,5.83,0.00,0.00,0.00,5.827304,5.83
2026-02-12,Cloud Run,152E-C115-5142,4.44,0.00,0.00,0.00,4.441790,4.44
2026-02-12,Cloud Memorystore for Redis,5AF5-2C11-D467,2.35,0.00,0.00,0.00,2.351982,2.35
2026-02-12,Cloud Build,8B5D-EF7D-EB12,0.70,0.00,0.00,0.00,0.700160,0.70
2026-02-12,Cloud Storage,95FF-2EF5-5EA1,0.69,0.00,0.00,0.00,0.688524,0.69
2026-02-12,App Engine,F17B-412E-CB64,0.31,0.00,0.00,0.00,0.314415,0.31
2026-02-12,Secret Manager,EE82-7A5E-871C,0.16,0.00,0.00,0.00,0.162162,0.16
2026-02-12,Networking,E505-1604-58F8,0.14,0.00,0.00,-0.14,0.000000,0.00
2026-02-11,Gemini API,AEFD-7695-64FA,13.83,0.00,0.00,0.00,13.828563,13.83
2026-02-11,Artifact Registry,149C-F9EC-3994,5.71,0.00,0.00,0.00,5.710631,5.71
2026-02-11,Cloud Run,152E-C115-5142,4.20,0.00,0.00,0.00,4.196507,4.20
2026-02-11,Cloud Memorystore for Redis,5AF5-2C11-D467,2.35,0.00,0.00,0.00,2.351985,2.35
2026-02-11,Cloud Storage,95FF-2EF5-5EA1,0.37,0.00,0.00,0.00,0.370443,0.37
2026-02-11,App Engine,F17B-412E-CB64,0.25,0.00,0.00,0.00,0.253344,0.25
2026-02-11,Secret Manager,EE82-7A5E-871C,0.16,0.00,0.00,0.00,0.158147,0.16
2026-02-11,Cloud Build,8B5D-EF7D-EB12,0.00,0.00,0.00,0.00,0.002659,0.00
2026-02-11,Networking,E505-1604-58F8,0.14,0.00,0.00,-0.14,0.000000,0.00
2026-02-10,Gemini API,AEFD-7695-64FA,35.10,0.00,0.00,0.00,35.102760,35.10
2026-02-10,Artifact Registry,149C-F9EC-3994,5.63,0.00,0.00,0.00,5.630554,5.63
2026-02-10,Cloud Run,152E-C115-5142,4.41,0.00,0.00,0.00,4.409786,4.41
2026-02-10,Cloud Memorystore for Redis,5AF5-2C11-D467,2.35,0.00,0.00,0.00,2.351987,2.35
2026-02-10,Cloud Storage,95FF-2EF5-5EA1,0.59,0.00,0.00,0.00,0.588824,0.59
2026-02-10,App Engine,F17B-412E-CB64,0.25,0.00,0.00,0.00,0.246555,0.25
2026-02-10,Secret Manager,EE82-7A5E-871C,0.16,0.00,0.00,0.00,0.158672,0.16
2026-02-10,Cloud Build,8B5D-EF7D-EB12,0.01,0.00,0.00,0.00,0.011764,0.01
2026-02-10,Networking,E505-1604-58F8,0.14,0.00,0.00,-0.14,0.000000,0.00
2026-02-09,Gemini API,AEFD-7695-64FA,82.57,0.00,0.00,0.00,82.566290,82.57
2026-02-09,Artifact Registry,149C-F9EC-3994,5.48,0.00,0.00,0.00,5.484541,5.48
2026-02-09,Cloud Run,152E-C115-5142,4.43,0.00,0.00,0.00,4.426383,4.43
2026-02-09,Cloud Memorystore for Redis,5AF5-2C11-D467,2.35,0.00,0.00,0.00,2.351989,2.35
2026-02-09,App Engine,F17B-412E-CB64,1.03,0.00,0.00,0.00,1.026980,1.03
2026-02-09,Cloud Storage,95FF-2EF5-5EA1,0.55,0.00,0.00,0.00,0.545261,0.55
2026-02-09,Secret Manager,EE82-7A5E-871C,0.16,0.00,0.00,0.00,0.156371,0.16
2026-02-09,Cloud Build,8B5D-EF7D-EB12,0.01,0.00,0.00,0.00,0.010570,0.01
2026-02-09,Networking,E505-1604-58F8,0.14,0.00,0.00,-0.14,0.000000,0.00
2026-02-08,Gemini API,AEFD-7695-64FA,53.39,0.00,0.00,0.00,53.386403,53.39
2026-02-08,Artifact Registry,149C-F9EC-3994,5.37,0.00,0.00,0.00,5.367449,5.37
2026-02-08,Cloud Run,152E-C115-5142,4.42,0.00,0.00,0.00,4.424561,4.42
2026-02-08,Cloud Memorystore for Redis,5AF5-2C11-D467,2.35,0.00,0.00,0.00,2.351979,2.35
2026-02-08,Cloud Storage,95FF-2EF5-5EA1,0.53,0.00,0.00,0.00,0.527453,0.53
2026-02-08,App Engine,F17B-412E-CB64,0.30,0.00,0.00,0.00,0.296788,0.30
2026-02-08,Secret Manager,EE82-7A5E-871C,0.16,0.00,0.00,0.00,0.156378,0.16
2026-02-08,Cloud Build,8B5D-EF7D-EB12,0.01,0.00,0.00,0.00,0.009912,0.01
2026-02-08,Networking,E505-1604-58F8,0.14,0.00,0.00,-0.14,0.000000,0.00
2026-02-08,Compute Engine,6F81-5844-456A,-0.00,0.00,0.00,0.00,-0.000002,-0.00
2026-02-07,Gemini API,AEFD-7695-64FA,33.64,0.00,0.00,0.00,33.635292,33.64
2026-02-07,Artifact Registry,149C-F9EC-3994,5.27,0.00,0.00,0.00,5.266926,5.27
2026-02-07,Cloud Run,152E-C115-5142,4.37,0.00,0.00,0.00,4.365793,4.37
2026-02-07,Cloud Memorystore for Redis,5AF5-2C11-D467,2.35,0.00,0.00,0.00,2.351981,2.35
2026-02-07,Cloud Storage,95FF-2EF5-5EA1,0.37,0.00,0.00,0.00,0.371602,0.37
2026-02-07,App Engine,F17B-412E-CB64,0.27,0.00,0.00,0.00,0.272643,0.27
2026-02-07,Secret Manager,EE82-7A5E-871C,0.16,0.00,0.00,0.00,0.156383,0.16
2026-02-07,Cloud Build,8B5D-EF7D-EB12,0.00,0.00,0.00,0.00,0.003768,0.00
2026-02-07,Networking,E505-1604-58F8,0.14,0.00,0.00,-0.14,0.000000,0.00
2026-02-06,Gemini API,AEFD-7695-64FA,23.39,0.00,0.00,0.00,23.387640,23.39
2026-02-06,Artifact Registry,149C-F9EC-3994,5.23,0.00,0.00,0.00,5.229527,5.23
2026-02-06,Cloud Run,152E-C115-5142,4.35,0.00,0.00,0.00,4.353637,4.35
2026-02-06,Cloud Memorystore for Redis,5AF5-2C11-D467,2.35,0.00,0.00,0.00,2.351985,2.35
2026-02-06,Cloud Storage,95FF-2EF5-5EA1,0.36,0.00,0.00,0.00,0.357723,0.36
2026-02-06,App Engine,F17B-412E-CB64,0.23,0.00,0.00,0.00,0.227295,0.23
2026-02-06,Secret Manager,EE82-7A5E-871C,0.16,0.00,0.00,0.00,0.156373,0.16
2026-02-06,Cloud Build,8B5D-EF7D-EB12,0.00,0.00,0.00,0.00,0.003124,0.00
2026-02-06,Networking,E505-1604-58F8,0.14,0.00,0.00,-0.14,0.000000,0.00
2026-02-06,Compute Engine,6F81-5844-456A,-0.00,0.00,0.00,0.00,-0.000003,-0.00
2026-02-05,Gemini API,AEFD-7695-64FA,34.26,0.00,0.00,0.00,34.255790,34.26
2026-02-05,Artifact Registry,149C-F9EC-3994,5.19,0.00,0.00,0.00,5.188250,5.19
2026-02-05,Cloud Run,152E-C115-5142,4.49,0.00,0.00,0.00,4.491210,4.49
2026-02-05,Cloud Memorystore for Redis,5AF5-2C11-D467,2.35,0.00,0.00,0.00,2.351987,2.35
2026-02-05,Cloud Storage,95FF-2EF5-5EA1,0.36,0.00,0.00,0.00,0.359936,0.36
2026-02-05,App Engine,F17B-412E-CB64,0.25,0.00,0.00,0.00,0.249409,0.25
2026-02-05,Secret Manager,EE82-7A5E-871C,0.16,0.00,0.00,0.00,0.156371,0.16
2026-02-05,Cloud Build,8B5D-EF7D-EB12,0.00,0.00,0.00,0.00,0.002949,0.00
2026-02-05,Networking,E505-1604-58F8,0.14,0.00,0.00,-0.14,0.000000,0.00
2026-02-05,Compute Engine,6F81-5844-456A,-0.00,0.00,0.00,0.00,-0.000002,-0.00
2026-02-04,Gemini API,AEFD-7695-64FA,18.97,0.00,0.00,0.00,18.967308,18.97
2026-02-04,Artifact Registry,149C-F9EC-3994,5.15,0.00,0.00,0.00,5.148958,5.15
2026-02-04,Cloud Run,152E-C115-5142,4.52,0.00,0.00,0.00,4.518862,4.52
2026-02-04,Cloud Memorystore for Redis,5AF5-2C11-D467,2.35,0.00,0.00,0.00,2.351986,2.35
2026-02-04,Cloud Storage,95FF-2EF5-5EA1,0.34,0.00,0.00,0.00,0.336561,0.34
2026-02-04,App Engine,F17B-412E-CB64,0.24,0.00,0.00,0.00,0.235238,0.24
2026-02-04,Secret Manager,EE82-7A5E-871C,0.15,0.00,0.00,0.00,0.154352,0.15
2026-02-04,Cloud Build,8B5D-EF7D-EB12,0.00,0.00,0.00,0.00,0.001888,0.00
2026-02-04,Networking,E505-1604-58F8,0.14,0.00,0.00,-0.14,0.000000,0.00
2026-02-04,Compute Engine,6F81-5844-456A,-0.00,0.00,0.00,0.00,-0.000004,-0.00
2026-02-03,Gemini API,AEFD-7695-64FA,21.96,0.00,0.00,0.00,21.958148,21.96
2026-02-03,Artifact Registry,149C-F9EC-3994,5.10,0.00,0.00,0.00,5.098138,5.10
2026-02-03,Cloud Run,152E-C115-5142,4.42,0.00,0.00,-1.26,3.163866,3.16
2026-02-03,Cloud Memorystore for Redis,5AF5-2C11-D467,2.35,0.00,0.00,0.00,2.351985,2.35
2026-02-03,Cloud Storage,95FF-2EF5-5EA1,0.44,0.00,0.00,0.00,0.442296,0.44
2026-02-03,App Engine,F17B-412E-CB64,0.33,0.00,0.00,0.00,0.333886,0.33
2026-02-03,Secret Manager,EE82-7A5E-871C,0.10,0.00,0.00,0.00,0.102814,0.10
2026-02-03,Cloud Build,8B5D-EF7D-EB12,0.01,0.00,0.00,0.00,0.005795,0.01
2026-02-03,Networking,E505-1604-58F8,0.14,0.00,0.00,-0.14,0.000000,0.00
2026-02-03,Compute Engine,6F81-5844-456A,-0.00,0.00,0.00,0.00,-0.000001,-0.00
2026-02-02,Gemini API,AEFD-7695-64FA,57.21,0.00,0.00,0.00,57.209420,57.21
2026-02-02,Artifact Registry,149C-F9EC-3994,5.01,0.00,0.00,0.00,5.007820,5.01
2026-02-02,Cloud Run,152E-C115-5142,4.64,0.00,0.00,-1.55,3.087427,3.09
2026-02-02,Cloud Memorystore for Redis,5AF5-2C11-D467,2.35,0.00,0.00,0.00,2.351983,2.35
2026-02-02,App Engine,F17B-412E-CB64,0.57,0.00,0.00,0.00,0.566083,0.57
2026-02-02,Cloud Storage,95FF-2EF5-5EA1,0.45,0.00,0.00,0.00,0.445864,0.45
2026-02-02,Cloud Build,8B5D-EF7D-EB12,0.01,0.00,0.00,0.00,0.006091,0.01
2026-02-02,Networking,E505-1604-58F8,0.14,0.00,0.00,-0.14,0.000000,0.00
2026-02-02,Compute Engine,6F81-5844-456A,-0.00,0.00,0.00,0.00,-0.000004,-0.00
2026-02-01,Gemini API,AEFD-7695-64FA,41.31,0.00,0.00,0.00,41.310250,41.31
2026-02-01,Artifact Registry,149C-F9EC-3994,4.86,0.00,0.00,0.00,4.864347,4.86
2026-02-01,Cloud Memorystore for Redis,5AF5-2C11-D467,2.35,0.00,0.00,0.00,2.351984,2.35
2026-02-01,Cloud Run,152E-C115-5142,4.63,0.00,0.00,-2.41,2.219623,2.22
2026-02-01,Cloud Storage,95FF-2EF5-5EA1,0.45,0.00,0.00,0.00,0.451161,0.45
2026-02-01,App Engine,F17B-412E-CB64,0.34,0.00,0.00,0.00,0.335676,0.34
2026-02-01,Cloud Build,8B5D-EF7D-EB12,0.10,0.00,0.00,0.00,0.103364,0.10
2026-02-01,Networking,E505-1604-58F8,0.14,0.00,0.00,-0.14,0.000000,0.00
2026-02-01,Compute Engine,6F81-5844-456A,-0.00,0.00,0.00,0.00,-0.000002,-0.00
2026-01-31,Gemini API,AEFD-7695-64FA,105.37,0.00,0.00,0.00,105.367514,105.37
2026-01-31,Cloud Run,152E-C115-5142,4.80,0.00,0.00,0.00,4.802458,4.80
2026-01-31,Artifact Registry,149C-F9EC-3994,4.29,0.00,0.00,0.00,4.291001,4.29
2026-01-31,Cloud Build,8B5D-EF7D-EB12,2.91,0.00,0.00,0.00,2.910263,2.91
2026-01-31,Cloud Memorystore for Redis,5AF5-2C11-D467,2.35,0.00,0.00,0.00,2.351981,2.35
2026-01-31,App Engine,F17B-412E-CB64,0.67,0.00,0.00,0.00,0.670404,0.67
2026-01-31,Cloud Storage,95FF-2EF5-5EA1,0.61,0.00,0.00,0.00,0.613480,0.61
2026-01-31,Secret Manager,EE82-7A5E-871C,0.15,0.00,0.00,0.00,0.146277,0.15
2026-01-31,Compute Engine,6F81-5844-456A,0.14,0.00,0.00,0.00,0.140296,0.14
2026-01-31,Networking,E505-1604-58F8,0.14,0.00,0.00,-0.14,0.000000,0.00
2026-01-30,Gemini API,AEFD-7695-64FA,44.73,0.00,0.00,0.00,44.732260,44.73
2026-01-30,Artifact Registry,149C-F9EC-3994,4.16,0.00,0.00,0.00,4.164419,4.16
2026-01-30,Cloud Run,152E-C115-5142,4.02,0.00,0.00,0.00,4.017778,4.02
2026-01-30,Cloud Memorystore for Redis,5AF5-2C11-D467,2.35,0.00,0.00,0.00,2.351986,2.35
2026-01-30,Cloud Build,8B5D-EF7D-EB12,1.62,0.00,0.00,0.00,1.622535,1.62
2026-01-30,Cloud Storage,95FF-2EF5-5EA1,0.44,0.00,0.00,0.00,0.436509,0.44
2026-01-30,App Engine,F17B-412E-CB64,0.25,0.00,0.00,0.00,0.254078,0.25
2026-01-30,Secret Manager,EE82-7A5E-871C,0.14,0.00,0.00,0.00,0.144659,0.14
2026-01-30,Compute Engine,6F81-5844-456A,0.14,0.00,0.00,0.00,0.140301,0.14
2026-01-30,Networking,E505-1604-58F8,0.14,0.00,0.00,-0.14,0.000000,0.00
2026-01-29,Gemini API,AEFD-7695-64FA,63.94,0.00,0.00,0.00,63.935765,63.94
2026-01-29,Cloud Run,152E-C115-5142,4.18,0.00,0.00,0.00,4.183700,4.18
2026-01-29,Artifact Registry,149C-F9EC-3994,4.06,0.00,0.00,0.00,4.064108,4.06
2026-01-29,Cloud Memorystore for Redis,5AF5-2C11-D467,2.35,0.00,0.00,0.00,2.351988,2.35
2026-01-29,Cloud Build,8B5D-EF7D-EB12,1.62,0.00,0.00,0.00,1.617148,1.62
2026-01-29,Cloud Storage,95FF-2EF5-5EA1,0.42,0.00,0.00,0.00,0.421865,0.42
2026-01-29,App Engine,F17B-412E-CB64,0.34,0.00,0.00,0.00,0.336026,0.34
2026-01-29,Secret Manager,EE82-7A5E-871C,0.14,0.00,0.00,0.00,0.144092,0.14
2026-01-29,Compute Engine,6F81-5844-456A,0.14,0.00,0.00,0.00,0.140312,0.14
2026-01-29,Networking,E505-1604-58F8,0.14,0.00,0.00,-0.14,0.000000,0.00
2026-01-28,Gemini API,AEFD-7695-64FA,33.36,0.00,0.00,0.00,33.360909,33.36
2026-01-28,Artifact Registry,149C-F9EC-3994,4.00,0.00,0.00,0.00,3.999359,4.00
2026-01-28,Cloud Run,152E-C115-5142,3.94,0.00,0.00,0.00,3.939106,3.94
2026-01-28,Cloud Memorystore for Redis,5AF5-2C11-D467,2.35,0.00,0.00,0.00,2.351989,2.35
2026-01-28,Cloud Build,8B5D-EF7D-EB12,0.77,0.00,0.00,0.00,0.765800,0.77
2026-01-28,Cloud Storage,95FF-2EF5-5EA1,0.33,0.00,0.00,0.00,0.325229,0.33
2026-01-28,App Engine,F17B-412E-CB64,0.27,0.00,0.00,0.00,0.265092,0.27
2026-01-28,Secret Manager,EE82-7A5E-871C,0.14,0.00,0.00,0.00,0.141424,0.14
2026-01-28,Compute Engine,6F81-5844-456A,0.14,0.00,0.00,0.00,0.140304,0.14
2026-01-28,Networking,E505-1604-58F8,0.14,0.00,0.00,-0.14,0.000000,0.00
2026-01-27,Gemini API,AEFD-7695-64FA,42.46,0.00,0.00,0.00,42.460582,42.46
2026-01-27,Cloud Run,152E-C115-5142,3.99,0.00,0.00,0.00,3.986430,3.99
2026-01-27,Artifact Registry,149C-F9EC-3994,3.89,0.00,0.00,0.00,3.891845,3.89
2026-01-27,Cloud Memorystore for Redis,5AF5-2C11-D467,2.35,0.00,0.00,0.00,2.351985,2.35
2026-01-27,Cloud Build,8B5D-EF7D-EB12,2.23,0.00,0.00,0.00,2.233776,2.23
2026-01-27,Cloud Storage,95FF-2EF5-5EA1,0.52,0.00,0.00,0.00,0.515191,0.52
2026-01-27,App Engine,F17B-412E-CB64,0.26,0.00,0.00,0.00,0.256507,0.26
2026-01-27,Secret Manager,EE82-7A5E-871C,0.14,0.00,0.00,0.00,0.144508,0.14
2026-01-27,Compute Engine,6F81-5844-456A,0.14,0.00,0.00,0.00,0.140304,0.14
2026-01-27,Networking,E505-1604-58F8,0.14,0.00,0.00,-0.14,0.000000,0.00
2026-01-26,Gemini API,AEFD-7695-64FA,148.48,0.00,0.00,0.00,148.482200,148.48
2026-01-26,Cloud Run,152E-C115-5142,4.34,0.00,0.00,0.00,4.340523,4.34
2026-01-26,Artifact Registry,149C-F9EC-3994,3.80,0.00,0.00,0.00,3.803089,3.80
2026-01-26,Cloud Memorystore for Redis,5AF5-2C11-D467,2.35,0.00,0.00,0.00,2.351987,2.35
2026-01-26,Cloud Build,8B5D-EF7D-EB12,1.24,0.00,0.00,0.00,1.239759,1.24
2026-01-26,App Engine,F17B-412E-CB64,0.49,0.00,0.00,0.00,0.487938,0.49
2026-01-26,Cloud Storage,95FF-2EF5-5EA1,0.38,0.00,0.00,0.00,0.379517,0.38
2026-01-26,Secret Manager,EE82-7A5E-871C,0.14,0.00,0.00,0.00,0.144812,0.14
2026-01-26,Compute Engine,6F81-5844-456A,0.14,0.00,0.00,0.00,0.140299,0.14
2026-01-26,Networking,E505-1604-58F8,0.14,0.00,0.00,-0.14,0.000000,0.00
2026-01-25,Gemini API,AEFD-7695-64FA,73.91,0.00,0.00,0.00,73.910878,73.91
2026-01-25,Artifact Registry,149C-F9EC-3994,3.76,0.00,0.00,0.00,3.755041,3.76
2026-01-25,Cloud Run,152E-C115-5142,3.56,0.00,0.00,0.00,3.559698,3.56
2026-01-25,Cloud Memorystore for Redis,5AF5-2C11-D467,2.35,0.00,0.00,0.00,2.351984,2.35
2026-01-25,Cloud Build,8B5D-EF7D-EB12,0.74,0.00,0.00,0.00,0.737671,0.74
2026-01-25,Cloud Storage,95FF-2EF5-5EA1,0.31,0.00,0.00,0.00,0.309320,0.31
2026-01-25,App Engine,F17B-412E-CB64,0.25,0.00,0.00,0.00,0.250175,0.25
2026-01-25,Secret Manager,EE82-7A5E-871C,0.14,0.00,0.00,0.00,0.141395,0.14
2026-01-25,Compute Engine,6F81-5844-456A,0.14,0.00,0.00,0.00,0.140387,0.14
2026-01-25,Networking,E505-1604-58F8,0.15,0.00,0.00,-0.15,0.000000,0.00
2026-01-24,Gemini API,AEFD-7695-64FA,69.54,0.00,0.00,0.00,69.538796,69.54
2026-01-24,Artifact Registry,149C-F9EC-3994,3.70,0.00,0.00,0.00,3.699111,3.70
2026-01-24,Cloud Run,152E-C115-5142,3.66,0.00,0.00,0.00,3.655268,3.66
2026-01-24,Cloud Memorystore for Redis,5AF5-2C11-D467,2.35,0.00,0.00,0.00,2.351983,2.35
2026-01-24,Cloud Build,8B5D-EF7D-EB12,1.34,0.00,0.00,0.00,1.338838,1.34
2026-01-24,Cloud Storage,95FF-2EF5-5EA1,0.39,0.00,0.00,0.00,0.391621,0.39
2026-01-24,App Engine,F17B-412E-CB64,0.30,0.00,0.00,0.00,0.299877,0.30
2026-01-24,Secret Manager,EE82-7A5E-871C,0.14,0.00,0.00,0.00,0.142665,0.14
2026-01-24,Compute Engine,6F81-5844-456A,0.14,0.00,0.00,0.00,0.140297,0.14
2026-01-24,Networking,E505-1604-58F8,0.14,0.00,0.00,-0.14,0.000000,0.00
2026-01-23,Gemini API,AEFD-7695-64FA,38.33,0.00,0.00,0.00,38.325480,38.33
2026-01-23,Artifact Registry,149C-F9EC-3994,3.66,0.00,0.00,0.00,3.660000,3.66
2026-01-23,Cloud Run,152E-C115-5142,3.53,0.00,0.00,0.00,3.534416,3.53
2026-01-23,Cloud Memorystore for Redis,5AF5-2C11-D467,2.35,0.00,0.00,0.00,2.351987,2.35
2026-01-23,Cloud Build,8B5D-EF7D-EB12,0.61,0.00,0.00,0.00,0.611069,0.61
2026-01-23,Cloud Storage,95FF-2EF5-5EA1,0.29,0.00,0.00,0.00,0.287940,0.29
2026-01-23,App Engine,F17B-412E-CB64,0.22,0.00,0.00,0.00,0.222197,0.22
2026-01-23,Secret Manager,EE82-7A5E-871C,0.14,0.00,0.00,0.00,0.141267,0.14
2026-01-23,Compute Engine,6F81-5844-456A,0.14,0.00,0.00,0.00,0.140302,0.14
2026-01-23,Networking,E505-1604-58F8,0.14,0.00,0.00,-0.14,0.000000,0.00
2026-01-22,Gemini API,AEFD-7695-64FA,94.80,0.00,0.00,0.00,94.799288,94.80
2026-01-22,Cloud Run,152E-C115-5142,3.72,0.00,0.00,0.00,3.722408,3.72
2026-01-22,Artifact Registry,149C-F9EC-3994,3.61,0.00,0.00,0.00,3.611635,3.61
2026-01-22,Cloud Memorystore for Redis,5AF5-2C11-D467,2.35,0.00,0.00,0.00,2.351985,2.35
2026-01-22,Cloud Build,8B5D-EF7D-EB12,0.74,0.00,0.00,0.00,0.740456,0.74
2026-01-22,App Engine,F17B-412E-CB64,0.37,0.00,0.00,0.00,0.366821,0.37
2026-01-22,Cloud Storage,95FF-2EF5-5EA1,0.30,0.00,0.00,0.00,0.301097,0.30
2026-01-22,Secret Manager,EE82-7A5E-871C,0.14,0.00,0.00,0.00,0.141742,0.14
2026-01-22,Compute Engine,6F81-5844-456A,0.14,0.00,0.00,0.00,0.140314,0.14
2026-01-22,Networking,E505-1604-58F8,0.14,0.00,0.00,-0.14,0.000000,0.00
2026-01-21,Gemini API,AEFD-7695-64FA,67.41,0.00,0.00,0.00,67.411325,67.41
2026-01-21,Cloud Run,152E-C115-5142,3.63,0.00,0.00,0.00,3.630772,3.63
2026-01-21,Artifact Registry,149C-F9EC-3994,3.59,0.00,0.00,0.00,3.589763,3.59
2026-01-21,Cloud Memorystore for Redis,5AF5-2C11-D467,2.35,0.00,0.00,0.00,2.351985,2.35
2026-01-21,Cloud Build,8B5D-EF7D-EB12,0.32,0.00,0.00,0.00,0.324002,0.32
2026-01-21,App Engine,F17B-412E-CB64,0.29,0.00,0.00,0.00,0.294626,0.29
2026-01-21,Cloud Storage,95FF-2EF5-5EA1,0.24,0.00,0.00,0.00,0.244281,0.24
2026-01-21,Secret Manager,EE82-7A5E-871C,0.14,0.00,0.00,0.00,0.142363,0.14
2026-01-21,Compute Engine,6F81-5844-456A,0.14,0.00,0.00,0.00,0.140295,0.14
2026-01-21,Networking,E505-1604-58F8,0.14,0.00,0.00,-0.14,0.000000,0.00
2026-01-20,Gemini API,AEFD-7695-64FA,39.13,0.00,0.00,-18.48,20.647093,20.65
2026-01-20,Cloud Run,152E-C115-5142,3.58,0.00,0.00,-2.56,1.015502,1.02
2026-01-20,Artifact Registry,149C-F9EC-3994,3.56,0.00,0.00,-2.57,0.993622,0.99
2026-01-20,Cloud Memorystore for Redis,5AF5-2C11-D467,2.35,0.00,0.00,-1.70,0.654320,0.65
2026-01-20,Cloud Build,8B5D-EF7D-EB12,0.77,0.00,0.00,-0.29,0.488066,0.49
2026-01-20,Cloud Storage,95FF-2EF5-5EA1,0.31,0.00,0.00,-0.03,0.271509,0.27
2026-01-20,Secret Manager,EE82-7A5E-871C,0.14,0.00,0.00,-0.10,0.040050,0.04
2026-01-20,App Engine,F17B-412E-CB64,0.16,0.00,0.00,-0.13,0.037376,0.04
2026-01-20,Cloud Logging,5490-F7B7-8DF6,0.00,0.00,0.00,0.00,0.000002,0.00
2026-01-20,Networking,E505-1604-58F8,0.14,0.00,0.00,-0.14,-0.000005,-0.00
2026-01-20,Compute Engine,6F81-5844-456A,0.14,0.00,0.00,-0.29,-0.149868,-0.15
2026-01-19,Gemini API,AEFD-7695-64FA,20.50,0.00,0.00,-13.15,7.341779,7.34
2026-01-19,Artifact Registry,149C-F9EC-3994,3.53,0.00,0.00,-1.74,1.787532,1.79
2026-01-19,Cloud Run,152E-C115-5142,3.37,0.00,0.00,-1.69,1.678931,1.68
2026-01-19,Cloud Memorystore for Redis,5AF5-2C11-D467,2.35,0.00,0.00,-1.16,1.195862,1.20
2026-01-19,App Engine,F17B-412E-CB64,0.14,0.00,0.00,-0.02,0.119339,0.12
2026-01-19,Secret Manager,EE82-7A5E-871C,0.14,0.00,0.00,-0.07,0.071107,0.07
2026-01-19,Cloud Build,8B5D-EF7D-EB12,0.61,0.00,0.00,-0.55,0.056190,0.06
2026-01-19,Cloud Storage,95FF-2EF5-5EA1,0.28,0.00,0.00,-0.27,0.012174,0.01
2026-01-19,Networking,E505-1604-58F8,0.14,0.00,0.00,-0.14,0.000000,0.00
2026-01-19,Cloud Logging,5490-F7B7-8DF6,0.00,0.00,0.00,-0.00,-0.000002,-0.00
2026-01-19,Compute Engine,6F81-5844-456A,0.14,0.00,0.00,-0.20,-0.057301,-0.06
2026-01-18,Gemini API,AEFD-7695-64FA,28.61,0.00,0.00,0.00,28.614139,28.61
2026-01-18,Artifact Registry,149C-F9EC-3994,3.46,0.00,0.00,0.00,3.457932,3.46
2026-01-18,Cloud Run,152E-C115-5142,3.44,0.00,0.00,0.00,3.437399,3.44
2026-01-18,Cloud Memorystore for Redis,5AF5-2C11-D467,2.35,0.00,0.00,0.00,2.351982,2.35
2026-01-18,Cloud Build,8B5D-EF7D-EB12,1.67,0.00,0.00,0.00,1.669658,1.67
2026-01-18,Cloud Storage,95FF-2EF5-5EA1,0.42,0.00,0.00,0.00,0.422677,0.42
2026-01-18,App Engine,F17B-412E-CB64,0.20,0.00,0.00,0.00,0.198159,0.20
2026-01-18,Secret Manager,EE82-7A5E-871C,0.14,0.00,0.00,0.00,0.142465,0.14
2026-01-18,Compute Engine,6F81-5844-456A,0.14,0.00,0.00,0.00,0.140306,0.14
2026-01-18,Networking,E505-1604-58F8,0.14,0.00,0.00,-0.14,0.000000,0.00
2026-01-17,Gemini API,AEFD-7695-64FA,81.23,0.00,0.00,0.00,81.231323,81.23
2026-01-17,Cloud Run,152E-C115-5142,3.52,0.00,0.00,0.00,3.516087,3.52
2026-01-17,Artifact Registry,149C-F9EC-3994,3.38,0.00,0.00,0.00,3.375266,3.38
2026-01-17,Cloud Memorystore for Redis,5AF5-2C11-D467,2.35,0.00,0.00,0.00,2.351991,2.35
2026-01-17,Cloud Build,8B5D-EF7D-EB12,1.51,0.00,0.00,0.00,1.508843,1.51
2026-01-17,Cloud Storage,95FF-2EF5-5EA1,0.38,0.00,0.00,0.00,0.379409,0.38
2026-01-17,App Engine,F17B-412E-CB64,0.22,0.00,0.00,0.00,0.217850,0.22
2026-01-17,Secret Manager,EE82-7A5E-871C,0.14,0.00,0.00,0.00,0.143270,0.14
2026-01-17,Compute Engine,6F81-5844-456A,0.14,0.00,0.00,0.00,0.140305,0.14
2026-01-17,Networking,E505-1604-58F8,0.14,0.00,0.00,-0.14,0.000000,0.00
2026-01-16,Gemini API,AEFD-7695-64FA,29.08,0.00,0.00,0.00,29.075680,29.08
2026-01-16,Cloud Run,152E-C115-5142,3.50,0.00,0.00,0.00,3.498037,3.50
2026-01-16,Artifact Registry,149C-F9EC-3994,3.30,0.00,0.00,0.00,3.297220,3.30
2026-01-16,Cloud Memorystore for Redis,5AF5-2C11-D467,2.35,0.00,0.00,0.00,2.351989,2.35
2026-01-16,Cloud Build,8B5D-EF7D-EB12,1.56,0.00,0.00,0.00,1.557637,1.56
2026-01-16,Cloud Storage,95FF-2EF5-5EA1,0.39,0.00,0.00,0.00,0.387448,0.39
2026-01-16,Secret Manager,EE82-7A5E-871C,0.14,0.00,0.00,0.00,0.143263,0.14
2026-01-16,App Engine,F17B-412E-CB64,0.14,0.00,0.00,0.00,0.138906,0.14
2026-01-16,Compute Engine,6F81-5844-456A,0.07,0.00,0.00,0.00,0.070155,0.07
2026-01-16,Networking,E505-1604-58F8,0.14,0.00,0.00,-0.14,0.000000,0.00
2026-01-15,Gemini API,AEFD-7695-64FA,100.37,0.00,0.00,0.00,100.374232,100.37
2026-01-15,Cloud Run,152E-C115-5142,3.72,0.00,0.00,0.00,3.722177,3.72
2026-01-15,Artifact Registry,149C-F9EC-3994,3.18,0.00,0.00,0.00,3.180495,3.18
2026-01-15,Cloud Build,8B5D-EF7D-EB12,2.57,0.00,0.00,0.00,2.566460,2.57
2026-01-15,Cloud Memorystore for Redis,5AF5-2C11-D467,2.35,0.00,0.00,0.00,2.351984,2.35
2026-01-15,Cloud Storage,95FF-2EF5-5EA1,0.52,0.00,0.00,0.00,0.518496,0.52
2026-01-15,App Engine,F17B-412E-CB64,0.34,0.00,0.00,0.00,0.344810,0.34
2026-01-15,Secret Manager,EE82-7A5E-871C,0.15,0.00,0.00,0.00,0.145095,0.15
2026-01-15,Networking,E505-1604-58F8,0.14,0.00,0.00,-0.14,0.000000,0.00
2026-01-15,Compute Engine,6F81-5844-456A,-0.00,0.00,0.00,0.00,-0.000001,-0.00
2026-01-14,Gemini API,AEFD-7695-64FA,145.12,0.00,0.00,0.00,145.120096,145.12
2026-01-14,Cloud Run,152E-C115-5142,3.75,0.00,0.00,0.00,3.750399,3.75
2026-01-14,Artifact Registry,149C-F9EC-3994,3.05,0.00,0.00,0.00,3.052209,3.05
2026-01-14,Cloud Build,8B5D-EF7D-EB12,3.03,0.00,0.00,0.00,3.029690,3.03
2026-01-14,Cloud Memorystore for Redis,5AF5-2C11-D467,2.35,0.00,0.00,0.00,2.351987,2.35
2026-01-14,App Engine,F17B-412E-CB64,0.57,0.00,0.00,0.00,0.573111,0.57
2026-01-14,Cloud Storage,95FF-2EF5-5EA1,0.57,0.00,0.00,0.00,0.570666,0.57
2026-01-14,Secret Manager,EE82-7A5E-871C,0.15,0.00,0.00,0.00,0.146954,0.15
2026-01-14,Networking,E505-1604-58F8,0.14,0.00,0.00,-0.14,0.000000,0.00
2026-01-13,Gemini API,AEFD-7695-64FA,113.07,0.00,0.00,0.00,113.065136,113.07
2026-01-13,Cloud Run,152E-C115-5142,3.96,0.00,0.00,0.00,3.964340,3.96
2026-01-13,Artifact Registry,149C-F9EC-3994,2.94,0.00,0.00,0.00,2.944237,2.94
2026-01-13,Cloud Memorystore for Redis,5AF5-2C11-D467,2.35,0.00,0.00,0.00,2.351984,2.35
2026-01-13,Cloud Build,8B5D-EF7D-EB12,0.94,0.00,0.00,0.00,0.940701,0.94
2026-01-13,App Engine,F17B-412E-CB64,0.52,0.00,0.00,0.00,0.523804,0.52
2026-01-13,Cloud Storage,95FF-2EF5-5EA1,0.31,0.00,0.00,0.00,0.308379,0.31
2026-01-13,Secret Manager,EE82-7A5E-871C,0.14,0.00,0.00,0.00,0.142980,0.14
2026-01-13,Networking,E505-1604-58F8,0.14,0.00,0.00,-0.14,0.000000,0.00
2026-01-12,Gemini API,AEFD-7695-64FA,69.03,0.00,0.00,0.00,69.030261,69.03
2026-01-12,Cloud Run,152E-C115-5142,3.69,0.00,0.00,0.00,3.689381,3.69
2026-01-12,Artifact Registry,149C-F9EC-3994,2.87,0.00,0.00,0.00,2.873956,2.87
2026-01-12,Cloud Memorystore for Redis,5AF5-2C11-D467,2.35,0.00,0.00,0.00,2.351988,2.35
2026-01-12,Cloud Build,8B5D-EF7D-EB12,1.11,0.00,0.00,0.00,1.109792,1.11
2026-01-12,Cloud Storage,95FF-2EF5-5EA1,0.41,0.00,0.00,0.00,0.408810,0.41
2026-01-12,App Engine,F17B-412E-CB64,0.33,0.00,0.00,0.00,0.332913,0.33
2026-01-12,Secret Manager,EE82-7A5E-871C,0.14,0.00,0.00,0.00,0.143586,0.14
2026-01-12,Networking,E505-1604-58F8,0.14,0.00,0.00,-0.14,0.000000,0.00
2026-01-11,Gemini API,AEFD-7695-64FA,70.88,0.00,0.00,0.00,70.881848,70.88
2026-01-11,Cloud Run,152E-C115-5142,3.50,0.00,0.00,0.00,3.497052,3.50
2026-01-11,Artifact Registry,149C-F9EC-3994,2.81,0.00,0.00,0.00,2.806508,2.81
2026-01-11,Cloud Memorystore for Redis,5AF5-2C11-D467,2.35,0.00,0.00,0.00,2.351987,2.35
2026-01-11,Cloud Storage,95FF-2EF5-5EA1,0.35,0.00,0.00,0.00,0.354255,0.35
2026-01-11,App Engine,F17B-412E-CB64,0.15,0.00,0.00,0.00,0.148595,0.15
2026-01-11,Secret Manager,EE82-7A5E-871C,0.14,0.00,0.00,0.00,0.142970,0.14
2026-01-11,Cloud Build,8B5D-EF7D-EB12,0.01,0.00,0.00,0.00,0.005407,0.01
2026-01-11,Networking,E505-1604-58F8,0.14,0.00,0.00,-0.14,0.000000,0.00
2026-01-10,Gemini API,AEFD-7695-64FA,98.72,0.00,0.00,0.00,98.715288,98.72
2026-01-10,Cloud Run,152E-C115-5142,3.72,0.00,0.00,0.00,3.715621,3.72
2026-01-10,Artifact Registry,149C-F9EC-3994,2.73,0.00,0.00,0.00,2.726483,2.73
2026-01-10,Cloud Memorystore for Redis,5AF5-2C11-D467,2.35,0.00,0.00,0.00,2.351990,2.35
2026-01-10,Cloud Storage,95FF-2EF5-5EA1,0.48,0.00,0.00,0.00,0.481852,0.48
2026-01-10,App Engine,F17B-412E-CB64,0.38,0.00,0.00,0.00,0.381098,0.38
2026-01-10,Secret Manager,EE82-7A5E-871C,0.15,0.00,0.00,0.00,0.145557,0.15
2026-01-10,Cloud Build,8B5D-EF7D-EB12,0.01,0.00,0.00,0.00,0.009237,0.01
2026-01-10,Networking,E505-1604-58F8,0.14,0.00,0.00,-0.14,0.000000,0.00
2026-01-10,Compute Engine,6F81-5844-456A,-0.00,0.00,0.00,0.00,-0.000001,-0.00
2026-01-09,Gemini API,AEFD-7695-64FA,43.37,0.00,0.00,0.00,43.365103,43.37
2026-01-09,Cloud Run,152E-C115-5142,3.49,0.00,0.00,0.00,3.492178,3.49
2026-01-09,Artifact Registry,149C-F9EC-3994,2.63,0.00,0.00,0.00,2.633218,2.63
2026-01-09,Cloud Memorystore for Redis,5AF5-2C11-D467,2.35,0.00,0.00,0.00,2.351984,2.35
2026-01-09,Cloud Storage,95FF-2EF5-5EA1,0.40,0.00,0.00,0.00,0.396075,0.40
2026-01-09,App Engine,F17B-412E-CB64,0.20,0.00,0.00,0.00,0.198447,0.20
2026-01-09,Secret Manager,EE82-7A5E-871C,0.15,0.00,0.00,0.00,0.145327,0.15
2026-01-09,Cloud Build,8B5D-EF7D-EB12,0.01,0.00,0.00,0.00,0.007236,0.01
2026-01-09,Networking,E505-1604-58F8,0.14,0.00,0.00,-0.14,0.000000,0.00
2026-01-08,Gemini API,AEFD-7695-64FA,51.31,0.00,0.00,0.00,51.314053,51.31
2026-01-08,Cloud Run,152E-C115-5142,3.56,0.00,0.00,0.00,3.557439,3.56
2026-01-08,Artifact Registry,149C-F9EC-3994,2.56,0.00,0.00,0.00,2.562829,2.56
2026-01-08,Cloud Memorystore for Redis,5AF5-2C11-D467,2.35,0.00,0.00,0.00,2.351982,2.35
2026-01-08,Cloud Storage,95FF-2EF5-5EA1,0.32,0.00,0.00,0.00,0.319173,0.32
2026-01-08,App Engine,F17B-412E-CB64,0.25,0.00,0.00,0.00,0.251373,0.25
2026-01-08,Secret Manager,EE82-7A5E-871C,0.14,0.00,0.00,0.00,0.144004,0.14
2026-01-08,Cloud Build,8B5D-EF7D-EB12,0.01,0.00,0.00,0.00,0.005050,0.01
2026-01-08,Networking,E505-1604-58F8,0.14,0.00,0.00,-0.14,0.000000,0.00
2026-01-08,Compute Engine,6F81-5844-456A,-0.00,0.00,0.00,0.00,-0.000001,-0.00
2026-01-07,Gemini API,AEFD-7695-64FA,28.02,0.00,0.00,0.00,28.019204,28.02
2026-01-07,Cloud Run,152E-C115-5142,3.55,0.00,0.00,0.00,3.545912,3.55
2026-01-07,Artifact Registry,149C-F9EC-3994,2.52,0.00,0.00,0.00,2.517665,2.52
2026-01-07,Cloud Memorystore for Redis,5AF5-2C11-D467,2.35,0.00,0.00,0.00,2.351988,2.35
2026-01-07,Cloud Storage,95FF-2EF5-5EA1,0.32,0.00,0.00,0.00,0.318984,0.32
2026-01-07,App Engine,F17B-412E-CB64,0.26,0.00,0.00,0.00,0.262383,0.26
2026-01-07,Secret Manager,EE82-7A5E-871C,0.14,0.00,0.00,0.00,0.141337,0.14
2026-01-07,Cloud Build,8B5D-EF7D-EB12,0.01,0.00,0.00,0.00,0.005551,0.01
2026-01-07,Networking,E505-1604-58F8,0.14,0.00,0.00,-0.14,0.000000,0.00
2026-01-07,Compute Engine,6F81-5844-456A,-0.00,0.00,0.00,0.00,-0.000001,-0.00
2026-01-06,Gemini API,AEFD-7695-64FA,83.47,0.00,0.00,0.00,83.472183,83.47
2026-01-06,Cloud Run,152E-C115-5142,3.78,0.00,0.00,0.00,3.778608,3.78
2026-01-06,Artifact Registry,149C-F9EC-3994,2.46,0.00,0.00,0.00,2.462111,2.46
2026-01-06,Cloud Memorystore for Redis,5AF5-2C11-D467,2.35,0.00,0.00,0.00,2.351985,2.35
2026-01-06,App Engine,F17B-412E-CB64,0.43,0.00,0.00,0.00,0.429152,0.43
2026-01-06,Cloud Storage,95FF-2EF5-5EA1,0.32,0.00,0.00,0.00,0.315113,0.32
2026-01-06,Secret Manager,EE82-7A5E-871C,0.14,0.00,0.00,0.00,0.139319,0.14
2026-01-06,Cloud Build,8B5D-EF7D-EB12,0.00,0.00,0.00,0.00,0.004944,0.00
2026-01-06,Networking,E505-1604-58F8,0.14,0.00,0.00,-0.14,0.000000,0.00
2026-01-06,Compute Engine,6F81-5844-456A,-0.00,0.00,0.00,0.00,-0.000002,-0.00
2026-01-05,Gemini API,AEFD-7695-64FA,56.85,0.00,0.00,0.00,56.845221,56.85
2026-01-05,Cloud Run,152E-C115-5142,3.75,0.00,0.00,0.00,3.747577,3.75
2026-01-05,Artifact Registry,149C-F9EC-3994,2.39,0.00,0.00,0.00,2.387660,2.39
2026-01-05,Cloud Memorystore for Redis,5AF5-2C11-D467,2.35,0.00,0.00,0.00,2.351986,2.35
2026-01-05,Cloud Storage,95FF-2EF5-5EA1,0.44,0.00,0.00,0.00,0.442703,0.44
2026-01-05,App Engine,F17B-412E-CB64,0.30,0.00,0.00,0.00,0.300554,0.30
2026-01-05,Secret Manager,EE82-7A5E-871C,0.14,0.00,0.00,0.00,0.139305,0.14
2026-01-05,Cloud Build,8B5D-EF7D-EB12,0.01,0.00,0.00,0.00,0.008718,0.01
2026-01-05,Networking,E505-1604-58F8,0.14,0.00,0.00,-0.14,0.000000,0.00
2026-01-04,Gemini API,AEFD-7695-64FA,108.51,0.00,0.00,0.00,108.505475,108.51
2026-01-04,Cloud Run,152E-C115-5142,3.98,0.00,0.00,-0.11,3.866700,3.87
2026-01-04,Cloud Memorystore for Redis,5AF5-2C11-D467,2.35,0.00,0.00,0.00,2.351986,2.35
2026-01-04,Artifact Registry,149C-F9EC-3994,2.30,0.00,0.00,0.00,2.301952,2.30
2026-01-04,App Engine,F17B-412E-CB64,0.50,0.00,0.00,0.00,0.497229,0.50
2026-01-04,Cloud Storage,95FF-2EF5-5EA1,0.42,0.00,0.00,0.00,0.422342,0.42
2026-01-04,Secret Manager,EE82-7A5E-871C,0.14,0.00,0.00,0.00,0.139309,0.14
2026-01-04,Cloud Build,8B5D-EF7D-EB12,0.01,0.00,0.00,0.00,0.008239,0.01
2026-01-04,Networking,E505-1604-58F8,0.14,0.00,0.00,-0.14,0.000000,0.00
2026-01-04,Compute Engine,6F81-5844-456A,-0.00,0.00,0.00,0.00,-0.000001,-0.00
2026-01-03,Gemini API,AEFD-7695-64FA,64.37,0.00,0.00,0.00,64.373338,64.37
2026-01-03,Cloud Memorystore for Redis,5AF5-2C11-D467,2.35,0.00,0.00,0.00,2.351983,2.35
2026-01-03,Cloud Run,152E-C115-5142,3.76,0.00,0.00,-1.51,2.248693,2.25
2026-01-03,Artifact Registry,149C-F9EC-3994,2.20,0.00,0.00,0.00,2.202767,2.20
2026-01-03,Cloud Storage,95FF-2EF5-5EA1,0.34,0.00,0.00,0.00,0.335916,0.34
2026-01-03,App Engine,F17B-412E-CB64,0.17,0.00,0.00,0.00,0.172418,0.17
2026-01-03,Secret Manager,EE82-7A5E-871C,0.06,0.00,0.00,0.00,0.058042,0.06
2026-01-03,Cloud Build,8B5D-EF7D-EB12,0.01,0.00,0.00,0.00,0.006175,0.01
2026-01-03,Networking,E505-1604-58F8,0.14,0.00,0.00,-0.14,0.000000,0.00
2026-01-03,Compute Engine,6F81-5844-456A,-0.00,0.00,0.00,0.00,-0.000001,-0.00
2026-01-02,Gemini API,AEFD-7695-64FA,62.50,0.00,0.00,0.00,62.501593,62.50
2026-01-02,Cloud Memorystore for Redis,5AF5-2C11-D467,2.35,0.00,0.00,0.00,2.351990,2.35
2026-01-02,Cloud Run,152E-C115-5142,3.57,0.00,0.00,-1.36,2.214119,2.21
2026-01-02,Artifact Registry,149C-F9EC-3994,2.19,0.00,0.00,0.00,2.187491,2.19
2026-01-02,App Engine,F17B-412E-CB64,0.23,0.00,0.00,0.00,0.231912,0.23
2026-01-02,Cloud Storage,95FF-2EF5-5EA1,0.13,0.00,0.00,0.00,0.126119,0.13
2026-01-02,Cloud Build,8B5D-EF7D-EB12,0.00,0.00,0.00,0.00,0.000383,0.00
2026-01-02,Networking,E505-1604-58F8,0.14,0.00,0.00,-0.14,0.000000,0.00
2026-01-02,Compute Engine,6F81-5844-456A,-0.00,0.00,0.00,0.00,-0.000004,-0.00
2026-01-01,Gemini API,AEFD-7695-64FA,50.51,0.00,0.00,0.00,50.511918,50.51
2026-01-01,Cloud Memorystore for Redis,5AF5-2C11-D467,2.35,0.00,0.00,0.00,2.351984,2.35
2026-01-01,Artifact Registry,149C-F9EC-3994,2.12,0.00,0.00,0.00,2.115646,2.12
2026-01-01,Cloud Run,152E-C115-5142,3.51,0.00,0.00,-2.24,1.274188,1.27
2026-01-01,Cloud Storage,95FF-2EF5-5EA1,0.32,0.00,0.00,0.00,0.315146,0.32
2026-01-01,App Engine,F17B-412E-CB64,0.14,0.00,0.00,0.00,0.141813,0.14
2026-01-01,Cloud Build,8B5D-EF7D-EB12,0.01,0.00,0.00,0.00,0.005574,0.01
2026-01-01,Networking,E505-1604-58F8,0.14,0.00,0.00,-0.14,0.000000,0.00
,,,,,Subtotal,11414.784790,11414.78
,,,,,Tax,0.000000,0.00
,,,,,Total,11414.788880,11414.79
