"Date","Action","Symbol","Description","Quantity","Price","Fees & Comm","Amount"
"07/17/2026","Stock Plan Activity","SNAP","SNAP INC CLASS CLASS A","326","","",""
"07/17/2026","Stock Plan Activity","SNAP","SNAP INC CLASS CLASS A","236","","",""
"07/17/2026","Stock Plan Activity","SNAP","SNAP INC CLASS CLASS A","225","","",""
"07/17/2026","Stock Plan Activity","SNAP","SNAP INC CLASS CLASS A","203","","",""
"07/17/2026","Stock Plan Activity","SNAP","SNAP INC CLASS CLASS A","164","","",""
"07/17/2026","Stock Plan Activity","SNAP","SNAP INC CLASS CLASS A","152","","",""
"07/17/2026","Stock Plan Activity","SNAP","SNAP INC CLASS CLASS A","150","","",""
"07/17/2026","Stock Plan Activity","SNAP","SNAP INC CLASS CLASS A","115","","",""
"07/17/2026","Stock Plan Activity","SNAP","SNAP INC CLASS CLASS A","114","","",""
"07/17/2026","Stock Plan Activity","SNAP","SNAP INC CLASS CLASS A","106","","",""
"07/17/2026","Stock Plan Activity","SNAP","SNAP INC CLASS CLASS A","81","","",""
"07/17/2026","Stock Plan Activity","SNAP","SNAP INC CLASS CLASS A","76","","",""
"07/17/2026","Journal","","Gencash transaction for SPS RS Lapse Tool","","","","-$1744.28"
"07/17/2026","Journal","","Gencash transaction for SPS RS Lapse Tool","","","","-$1265.61"
"07/17/2026","Journal","","Gencash transaction for SPS RS Lapse Tool","","","","-$1205.46"
"07/17/2026","Journal","","Gencash transaction for SPS RS Lapse Tool","","","","-$1087.66"
"07/17/2026","Journal","","Gencash transaction for SPS RS Lapse Tool","","","","-$877.15"
"07/17/2026","Journal","","Gencash transaction for SPS RS Lapse Tool","","","","-$814.49"
"07/17/2026","Journal","","Gencash transaction for SPS RS Lapse Tool","","","","-$804.48"
"07/17/2026","Journal","","Gencash transaction for SPS RS Lapse Tool","","","","-$619.02"
"07/17/2026","Journal","","Gencash transaction for SPS RS Lapse Tool","","","","-$614.00"
"07/17/2026","Journal","","Gencash transaction for SPS RS Lapse Tool","","","","-$571.40"
"07/17/2026","Journal","","Gencash transaction for SPS RS Lapse Tool","","","","-$436.07"
"07/17/2026","Journal","","Gencash transaction for SPS RS Lapse Tool","","","","-$408.50"
"07/16/2026","Stock Plan Activity","SNAP","SNAP INC CLASS CLASS A","231","","",""
"07/16/2026","Stock Plan Activity","SNAP","SNAP INC CLASS CLASS A","269","","",""
"07/16/2026","Sell","SNAP","SNAP INC CLASS CLASS A","231","$4.716","$0.07","$1089.33"
"07/16/2026","Stock Plan Activity","SNAP","SNAP INC CLASS CLASS A","370","","",""
"07/16/2026","Sell","SNAP","SNAP INC CLASS CLASS A","269","$4.716","$0.08","$1268.52"
"07/16/2026","Stock Plan Activity","SNAP","SNAP INC CLASS CLASS A","171","","",""
"07/16/2026","Sell","SNAP","SNAP INC CLASS CLASS A","370","$4.716","$0.11","$1744.81"
"07/16/2026","Stock Plan Activity","SNAP","SNAP INC CLASS CLASS A","186","","",""
"07/16/2026","Sell","SNAP","SNAP INC CLASS CLASS A","171","$4.716","$0.05","$806.39"
"07/16/2026","Sell","SNAP","SNAP INC CLASS CLASS A","186","$4.716","$0.06","$877.12"
"07/16/2026","Stock Plan Activity","SNAP","SNAP INC CLASS CLASS A","256","","",""
"07/16/2026","Stock Plan Activity","SNAP","SNAP INC CLASS CLASS A","173","","",""
"07/16/2026","Sell","SNAP","SNAP INC CLASS CLASS A","256","$4.716","$0.07","$1207.23"
"07/16/2026","Stock Plan Activity","SNAP","SNAP INC CLASS CLASS A","132","","",""
"07/16/2026","Sell","SNAP","SNAP INC CLASS CLASS A","173","$4.716","$0.05","$815.82"
"07/16/2026","Stock Plan Activity","SNAP","SNAP INC CLASS CLASS A","131","","",""
"07/16/2026","Sell","SNAP","SNAP INC CLASS CLASS A","132","$4.716","$0.04","$622.47"
"07/16/2026","Stock Plan Activity","SNAP","SNAP INC CLASS CLASS A","93","","",""
"07/16/2026","Sell","SNAP","SNAP INC CLASS CLASS A","131","$4.716","$0.04","$617.76"
"07/16/2026","Stock Plan Activity","SNAP","SNAP INC CLASS CLASS A","122","","",""
"07/16/2026","Sell","SNAP","SNAP INC CLASS CLASS A","93","$4.716","$0.03","$438.56"
"07/16/2026","Stock Plan Activity","SNAP","SNAP INC CLASS CLASS A","87","","",""
"07/16/2026","Sell","SNAP","SNAP INC CLASS CLASS A","122","$4.716","$0.03","$575.32"
"07/16/2026","Sell","SNAP","SNAP INC CLASS CLASS A","87","$4.716","$0.03","$410.26"
"06/17/2026","Stock Plan Activity","SNAP","SNAP INC CLASS A","312","","",""
"06/17/2026","Stock Plan Activity","SNAP","SNAP INC CLASS A","227","","",""
"06/17/2026","Stock Plan Activity","SNAP","SNAP INC CLASS A","216","","",""
"06/17/2026","Stock Plan Activity","SNAP","SNAP INC CLASS A","195","","",""
"06/17/2026","Stock Plan Activity","SNAP","SNAP INC CLASS A","157","","",""
"06/17/2026","Stock Plan Activity","SNAP","SNAP INC CLASS A","145","","",""
"06/17/2026","Stock Plan Activity","SNAP","SNAP INC CLASS A","144","","",""
"06/17/2026","Stock Plan Activity","SNAP","SNAP INC CLASS A","111","","",""
"06/17/2026","Stock Plan Activity","SNAP","SNAP INC CLASS A","110","","",""
"06/17/2026","Stock Plan Activity","SNAP","SNAP INC CLASS A","102","","",""
"06/17/2026","Stock Plan Activity","SNAP","SNAP INC CLASS A","78","","",""
"06/17/2026","Stock Plan Activity","SNAP","SNAP INC CLASS A","73","","",""
"06/17/2026","Journal","","Gencash transaction for SPS RS Lapse Tool","","","","-$2092.40"
"06/17/2026","Journal","","Gencash transaction for SPS RS Lapse Tool","","","","-$1521.19"
"06/17/2026","Journal","","Gencash transaction for SPS RS Lapse Tool","","","","-$1446.04"
"06/17/2026","Journal","","Gencash transaction for SPS RS Lapse Tool","","","","-$1304.73"
"06/17/2026","Journal","","Gencash transaction for SPS RS Lapse Tool","","","","-$1052.22"
"06/17/2026","Journal","","Gencash transaction for SPS RS Lapse Tool","","","","-$974.05"
"06/17/2026","Journal","","Gencash transaction for SPS RS Lapse Tool","","","","-$968.04"
"06/17/2026","Journal","","Gencash transaction for SPS RS Lapse Tool","","","","-$742.56"
"06/17/2026","Journal","","Gencash transaction for SPS RS Lapse Tool","","","","-$736.54"
"06/17/2026","Journal","","Gencash transaction for SPS RS Lapse Tool","","","","-$685.45"
"06/17/2026","Journal","","Gencash transaction for SPS RS Lapse Tool","","","","-$526.10"
"06/17/2026","Journal","","Gencash transaction for SPS RS Lapse Tool","","","","-$493.04"
"06/16/2026","Stock Plan Activity","SNAP","SNAP INC CLASS A","384","","",""
"06/16/2026","Stock Plan Activity","SNAP","SNAP INC CLASS A","178","","",""
"06/16/2026","Sell","SNAP","SNAP INC CLASS A","384","$5.4614","$0.11","$2097.07"
"06/16/2026","Stock Plan Activity","SNAP","SNAP INC CLASS A","193","","",""
"06/16/2026","Sell","SNAP","SNAP INC CLASS A","178","$5.4614","$0.05","$972.08"
"06/16/2026","Stock Plan Activity","SNAP","SNAP INC CLASS A","265","","",""
"06/16/2026","Sell","SNAP","SNAP INC CLASS A","193","$5.4614","$0.06","$1053.99"
"06/16/2026","Stock Plan Activity","SNAP","SNAP INC CLASS A","179","","",""
"06/16/2026","Sell","SNAP","SNAP INC CLASS A","265","$5.4614","$0.08","$1447.19"
"06/16/2026","Stock Plan Activity","SNAP","SNAP INC CLASS A","136","","",""
"06/16/2026","Sell","SNAP","SNAP INC CLASS A","179","$5.4614","$0.05","$977.54"
"06/16/2026","Stock Plan Activity","SNAP","SNAP INC CLASS A","135","","",""
"06/16/2026","Sell","SNAP","SNAP INC CLASS A","136","$5.4614","$0.05","$742.70"
"06/16/2026","Stock Plan Activity","SNAP","SNAP INC CLASS A","97","","",""
"06/16/2026","Sell","SNAP","SNAP INC CLASS A","135","$5.4614","$0.05","$737.24"
"06/16/2026","Stock Plan Activity","SNAP","SNAP INC CLASS A","126","","",""
"06/16/2026","Sell","SNAP","SNAP INC CLASS A","97","$5.4614","$0.03","$529.73"
"06/16/2026","Stock Plan Activity","SNAP","SNAP INC CLASS A","91","","",""
"06/16/2026","Sell","SNAP","SNAP INC CLASS A","126","$5.4614","$0.03","$688.11"
"06/16/2026","Sell","SNAP","SNAP INC CLASS A","91","$5.4614","$0.03","$496.96"
"06/16/2026","Stock Plan Activity","SNAP","SNAP INC CLASS A","239","","",""
"06/16/2026","Stock Plan Activity","SNAP","SNAP INC CLASS A","279","","",""
"06/16/2026","Sell","SNAP","SNAP INC CLASS A","239","$5.4614","$0.08","$1305.19"
"06/16/2026","Sell","SNAP","SNAP INC CLASS A","279","$5.4614","$0.08","$1523.65"
"05/28/2026","Credit Interest","","SCHWAB1 INT 04/29-05/27","","","","$0.03"
"05/19/2026","Stock Plan Activity","SNAP","SNAP INC CLASS A","334","","",""
"05/19/2026","Stock Plan Activity","SNAP","SNAP INC CLASS A","243","","",""
"05/19/2026","Stock Plan Activity","SNAP","SNAP INC CLASS A","226","","",""
"05/19/2026","Stock Plan Activity","SNAP","SNAP INC CLASS A","165","","",""
"05/19/2026","Stock Plan Activity","SNAP","SNAP INC CLASS A","153","","",""
"05/19/2026","Stock Plan Activity","SNAP","SNAP INC CLASS A","151","","",""
"05/19/2026","Stock Plan Activity","SNAP","SNAP INC CLASS A","116","","",""
"05/19/2026","Stock Plan Activity","SNAP","SNAP INC CLASS A","115","","",""
"05/19/2026","Stock Plan Activity","SNAP","SNAP INC CLASS A","108","","",""
"05/19/2026","Stock Plan Activity","SNAP","SNAP INC CLASS A","82","","",""
"05/19/2026","Stock Plan Activity","SNAP","SNAP INC CLASS A","77","","",""
"05/19/2026","Journal","","Gencash transaction for SPS RS Lapse Tool","","","","-$2033.43"
"05/19/2026","Journal","","Gencash transaction for SPS RS Lapse Tool","","","","-$1470.32"
"05/19/2026","Journal","","Gencash transaction for SPS RS Lapse Tool","","","","-$1424.09"
"05/19/2026","Journal","","Gencash transaction for SPS RS Lapse Tool","","","","-$1038.40"
"05/19/2026","Journal","","Gencash transaction for SPS RS Lapse Tool","","","","-$964.22"
"05/19/2026","Journal","","Gencash transaction for SPS RS Lapse Tool","","","","-$952.36"
"05/19/2026","Journal","","Gencash transaction for SPS RS Lapse Tool","","","","-$729.84"
"05/19/2026","Journal","","Gencash transaction for SPS RS Lapse Tool","","","","-$726.88"
"05/19/2026","Journal","","Gencash transaction for SPS RS Lapse Tool","","","","-$679.41"
"05/19/2026","Journal","","Gencash transaction for SPS RS Lapse Tool","","","","-$519.20"
"05/19/2026","Journal","","Gencash transaction for SPS RS Lapse Tool","","","","-$486.56"
"05/18/2026","Stock Plan Activity","SNAP","SNAP INC CLASS CLASS A","262","","",""
"05/18/2026","Stock Plan Activity","SNAP","SNAP INC CLASS CLASS A","363","","",""
"05/18/2026","Sell","SNAP","SNAP INC CLASS CLASS A","262","$5.6177","$0.08","$1471.76"
"05/18/2026","Stock Plan Activity","SNAP","SNAP INC CLASS CLASS A","170","","",""
"05/18/2026","Sell","SNAP","SNAP INC CLASS CLASS A","363","$5.6177","$0.11","$2039.12"
"05/18/2026","Stock Plan Activity","SNAP","SNAP INC CLASS CLASS A","185","","",""
"05/18/2026","Sell","SNAP","SNAP INC CLASS CLASS A","170","$5.6177","$0.05","$954.96"
"05/18/2026","Stock Plan Activity","SNAP","SNAP INC CLASS CLASS A","254","","",""
"05/18/2026","Sell","SNAP","SNAP INC CLASS CLASS A","185","$5.6177","$0.06","$1039.21"
"05/18/2026","Sell","SNAP","SNAP INC CLASS CLASS A","254","$5.6177","$0.08","$1426.82"
"05/18/2026","Stock Plan Activity","SNAP","SNAP INC CLASS CLASS A","121","","",""
"05/18/2026","Stock Plan Activity","SNAP","SNAP INC CLASS CLASS A","87","","",""
"05/18/2026","Sell","SNAP","SNAP INC CLASS CLASS A","121","$5.6177","$0.03","$679.71"
"05/18/2026","Sell","SNAP","SNAP INC CLASS CLASS A","87","$5.6177","$0.03","$488.71"
"05/18/2026","Stock Plan Activity","SNAP","SNAP INC CLASS CLASS A","172","","",""
"05/18/2026","Stock Plan Activity","SNAP","SNAP INC CLASS CLASS A","130","","",""
"05/18/2026","Sell","SNAP","SNAP INC CLASS CLASS A","172","$5.6177","$0.05","$966.19"
"05/18/2026","Stock Plan Activity","SNAP","SNAP INC CLASS CLASS A","130","","",""
"05/18/2026","Sell","SNAP","SNAP INC CLASS CLASS A","130","$5.6177","$0.05","$730.25"
"05/18/2026","Stock Plan Activity","SNAP","SNAP INC CLASS CLASS A","93","","",""
"05/18/2026","Sell","SNAP","SNAP INC CLASS CLASS A","130","$5.6177","$0.05","$730.25"
"05/18/2026","Sell","SNAP","SNAP INC CLASS CLASS A","93","$5.6177","$0.03","$522.42"
"05/18/2026","MoneyLink Transfer","","Tfr JPMORGAN CHASE BAN, JEFFREY LEE-CHAN","","","","-$50114.00"
"05/14/2026","Sell","SNAP","SNAP INC CLASS CLASS A","9,091.4509","$5.4997","$2.79","$49997.21"
"04/17/2026","Stock Plan Activity","SNAP","SNAP INC CLASS CLASS A","321","","",""
"04/17/2026","Stock Plan Activity","SNAP","SNAP INC CLASS CLASS A","233","","",""
"04/17/2026","Stock Plan Activity","SNAP","SNAP INC CLASS CLASS A","226","","",""
"04/17/2026","Stock Plan Activity","SNAP","SNAP INC CLASS CLASS A","164","","",""
"04/17/2026","Stock Plan Activity","SNAP","SNAP INC CLASS CLASS A","152","","",""
"04/17/2026","Stock Plan Activity","SNAP","SNAP INC CLASS CLASS A","148","","",""
"04/17/2026","Stock Plan Activity","SNAP","SNAP INC CLASS CLASS A","116","","",""
"04/17/2026","Stock Plan Activity","SNAP","SNAP INC CLASS CLASS A","115","","",""
"04/17/2026","Stock Plan Activity","SNAP","SNAP INC CLASS CLASS A","107","","",""
"04/17/2026","Stock Plan Activity","SNAP","SNAP INC CLASS CLASS A","82","","",""
"04/17/2026","Stock Plan Activity","SNAP","SNAP INC CLASS CLASS A","77","","",""
"04/17/2026","Journal","","Gencash transaction for SPS RS Lapse Tool","","","","-$2255.36"
"04/17/2026","Journal","","Gencash transaction for SPS RS Lapse Tool","","","","-$1639.68"
"04/17/2026","Journal","","Gencash transaction for SPS RS Lapse Tool","","","","-$1532.52"
"04/17/2026","Journal","","Gencash transaction for SPS RS Lapse Tool","","","","-$1120.78"
"04/17/2026","Journal","","Gencash transaction for SPS RS Lapse Tool","","","","-$1043.43"
"04/17/2026","Journal","","Gencash transaction for SPS RS Lapse Tool","","","","-$1032.31"
"04/17/2026","Journal","","Gencash transaction for SPS RS Lapse Tool","","","","-$786.97"
"04/17/2026","Journal","","Gencash transaction for SPS RS Lapse Tool","","","","-$780.60"
"04/17/2026","Journal","","Gencash transaction for SPS RS Lapse Tool","","","","-$726.43"
"04/17/2026","Journal","","Gencash transaction for SPS RS Lapse Tool","","","","-$557.57"
"04/17/2026","Journal","","Gencash transaction for SPS RS Lapse Tool","","","","-$522.52"
"04/16/2026","Stock Plan Activity","SNAP","SNAP INC CLASS CLASS A","172","","",""
"04/16/2026","Stock Plan Activity","SNAP","SNAP INC CLASS CLASS A","131","","",""
"04/16/2026","Sell","SNAP","SNAP INC CLASS CLASS A","172","$6.0263","$0.05","$1036.47"
"04/16/2026","Stock Plan Activity","SNAP","SNAP INC CLASS CLASS A","130","","",""
"04/16/2026","Sell","SNAP","SNAP INC CLASS CLASS A","131","$6.0263","$0.05","$789.40"
"04/16/2026","Stock Plan Activity","SNAP","SNAP INC CLASS CLASS A","121","","",""
"04/16/2026","Sell","SNAP","SNAP INC CLASS CLASS A","130","$6.0263","$0.05","$783.37"
"04/16/2026","Stock Plan Activity","SNAP","SNAP INC CLASS CLASS A","87","","",""
"04/16/2026","Sell","SNAP","SNAP INC CLASS CLASS A","121","$6.0263","$0.04","$729.14"
"04/16/2026","Sell","SNAP","SNAP INC CLASS CLASS A","87","$6.0263","$0.03","$524.26"
"04/16/2026","Stock Plan Activity","SNAP","SNAP INC CLASS CLASS A","93","","",""
"04/16/2026","Sell","SNAP","SNAP INC CLASS CLASS A","93","$6.0263","$0.03","$560.42"
"04/16/2026","Stock Plan Activity","SNAP","SNAP INC CLASS CLASS A","273","","",""
"04/16/2026","Stock Plan Activity","SNAP","SNAP INC CLASS CLASS A","375","","",""
"04/16/2026","Sell","SNAP","SNAP INC CLASS CLASS A","273","$6.0263","$0.08","$1645.10"
"04/16/2026","Stock Plan Activity","SNAP","SNAP INC CLASS CLASS A","174","","",""
"04/16/2026","Sell","SNAP","SNAP INC CLASS CLASS A","375","$6.0263","$0.12","$2259.74"
"04/16/2026","Stock Plan Activity","SNAP","SNAP INC CLASS CLASS A","186","","",""
"04/16/2026","Sell","SNAP","SNAP INC CLASS CLASS A","174","$6.0263","$0.05","$1048.53"
"04/16/2026","Stock Plan Activity","SNAP","SNAP INC CLASS CLASS A","255","","",""
"04/16/2026","Sell","SNAP","SNAP INC CLASS CLASS A","186","$6.0263","$0.06","$1120.83"
"04/16/2026","Sell","SNAP","SNAP INC CLASS CLASS A","255","$6.0263","$0.08","$1536.63"
"03/17/2026","Stock Plan Activity","SNAP","SNAP INC CLASS CLASS A","290","","",""
"03/17/2026","Stock Plan Activity","SNAP","SNAP INC CLASS CLASS A","210","","",""
"03/17/2026","Stock Plan Activity","SNAP","SNAP INC CLASS CLASS A","200","","",""
"03/17/2026","Stock Plan Activity","SNAP","SNAP INC CLASS CLASS A","145","","",""
"03/17/2026","Stock Plan Activity","SNAP","SNAP INC CLASS CLASS A","135","","",""
"03/17/2026","Stock Plan Activity","SNAP","SNAP INC CLASS CLASS A","133","","",""
"03/17/2026","Stock Plan Activity","SNAP","SNAP INC CLASS CLASS A","103","","",""
"03/17/2026","Stock Plan Activity","SNAP","SNAP INC CLASS CLASS A","102","","",""
"03/17/2026","Stock Plan Activity","SNAP","SNAP INC CLASS CLASS A","95","","",""
"03/17/2026","Stock Plan Activity","SNAP","SNAP INC CLASS CLASS A","72","","",""
"03/17/2026","Stock Plan Activity","SNAP","SNAP INC CLASS CLASS A","67","","",""
"03/17/2026","Journal","","Gencash transaction for SPS RS Lapse Tool","","","","-$1873.63"
"03/17/2026","Journal","","Gencash transaction for SPS RS Lapse Tool","","","","-$1357.50"
"03/17/2026","Journal","","Gencash transaction for SPS RS Lapse Tool","","","","-$1290.31"
"03/17/2026","Journal","","Gencash transaction for SPS RS Lapse Tool","","","","-$940.84"
"03/17/2026","Journal","","Gencash transaction for SPS RS Lapse Tool","","","","-$873.64"
"03/17/2026","Journal","","Gencash transaction for SPS RS Lapse Tool","","","","-$862.88"
"03/17/2026","Journal","","Gencash transaction for SPS RS Lapse Tool","","","","-$663.96"
"03/17/2026","Journal","","Gencash transaction for SPS RS Lapse Tool","","","","-$658.59"
"03/17/2026","Journal","","Gencash transaction for SPS RS Lapse Tool","","","","-$612.90"
"03/17/2026","Journal","","Gencash transaction for SPS RS Lapse Tool","","","","-$467.72"
"03/17/2026","Journal","","Gencash transaction for SPS RS Lapse Tool","","","","-$438.16"
"03/16/2026","Stock Plan Activity","SNAP","SNAP INC CLASS CLASS A","143","","",""
"03/16/2026","Stock Plan Activity","SNAP","SNAP INC CLASS CLASS A","102","","",""
"03/16/2026","Sell","SNAP","SNAP INC CLASS CLASS A","143","$4.6119","$0.03","$659.47"
"03/16/2026","Stock Plan Activity","SNAP","SNAP INC CLASS CLASS A","133","","",""
"03/16/2026","Sell","SNAP","SNAP INC CLASS CLASS A","102","$4.6119","$0.02","$470.39"
"03/16/2026","Stock Plan Activity","SNAP","SNAP INC CLASS CLASS A","96","","",""
"03/16/2026","Sell","SNAP","SNAP INC CLASS CLASS A","133","$4.6119","$0.03","$613.35"
"03/16/2026","Sell","SNAP","SNAP INC CLASS CLASS A","96","$4.6119","$0.02","$442.72"
"03/16/2026","Stock Plan Activity","SNAP","SNAP INC CLASS CLASS A","295","","",""
"03/16/2026","Stock Plan Activity","SNAP","SNAP INC CLASS CLASS A","407","","",""
"03/16/2026","Stock Plan Activity","SNAP","SNAP INC CLASS CLASS A","188","","",""
"03/16/2026","Sell","SNAP","SNAP INC CLASS CLASS A","295","$4.6119","$0.06","$1360.45"
"03/16/2026","Sell","SNAP","SNAP INC CLASS CLASS A","407","$4.6119","$0.08","$1876.96"
"03/16/2026","Stock Plan Activity","SNAP","SNAP INC CLASS CLASS A","205","","",""
"03/16/2026","Sell","SNAP","SNAP INC CLASS CLASS A","188","$4.6119","$0.04","$867.00"
"03/16/2026","Stock Plan Activity","SNAP","SNAP INC CLASS CLASS A","280","","",""
"03/16/2026","Sell","SNAP","SNAP INC CLASS CLASS A","205","$4.6119","$0.04","$945.40"
"03/16/2026","Stock Plan Activity","SNAP","SNAP INC CLASS CLASS A","190","","",""
"03/16/2026","Sell","SNAP","SNAP INC CLASS CLASS A","280","$4.6119","$0.05","$1291.28"
"03/16/2026","Stock Plan Activity","SNAP","SNAP INC CLASS CLASS A","144","","",""
"03/16/2026","Sell","SNAP","SNAP INC CLASS CLASS A","190","$4.6119","$0.04","$876.22"
"03/16/2026","Sell","SNAP","SNAP INC CLASS CLASS A","144","$4.6119","$0.03","$664.08"
"03/02/2026","Journal","","JOURNAL FRM ...579","","","","$10.80"
"02/26/2026","Credit Interest","","SCHWAB1 INT 01/29-02/25","","","","$0.20"
"02/18/2026","MoneyLink Transfer","","Tfr JPMORGAN CHASE BAN, JEFFREY LEE-CHAN","","","","-$40600.00"
"02/18/2026","Stock Plan Activity","SNAP","SNAP INC CLASS CLASS A","276","","",""
"02/18/2026","Stock Plan Activity","SNAP","SNAP INC CLASS CLASS A","191","","",""
"02/18/2026","Stock Plan Activity","SNAP","SNAP INC CLASS CLASS A","139","","",""
"02/18/2026","Stock Plan Activity","SNAP","SNAP INC CLASS CLASS A","129","","",""
"02/18/2026","Stock Plan Activity","SNAP","SNAP INC CLASS CLASS A","127","","",""
"02/18/2026","Stock Plan Activity","SNAP","SNAP INC CLASS CLASS A","98","","",""
"02/18/2026","Stock Plan Activity","SNAP","SNAP INC CLASS CLASS A","97","","",""
"02/18/2026","Stock Plan Activity","SNAP","SNAP INC CLASS CLASS A","90","","",""
"02/18/2026","Stock Plan Activity","SNAP","SNAP INC CLASS CLASS A","69","","",""
"02/18/2026","Stock Plan Activity","SNAP","SNAP INC CLASS CLASS A","65","","",""
"02/18/2026","Journal","","Gencash transaction for SPS RS Lapse Tool","","","","-$1981.70"
"02/18/2026","Journal","","Gencash transaction for SPS RS Lapse Tool","","","","-$1369.55"
"02/18/2026","Journal","","Gencash transaction for SPS RS Lapse Tool","","","","-$996.56"
"02/18/2026","Journal","","Gencash transaction for SPS RS Lapse Tool","","","","-$925.37"
"02/18/2026","Journal","","Gencash transaction for SPS RS Lapse Tool","","","","-$916.83"
"02/18/2026","Journal","","Gencash transaction for SPS RS Lapse Tool","","","","-$703.28"
"02/18/2026","Journal","","Gencash transaction for SPS RS Lapse Tool","","","","-$697.59"
"02/18/2026","Journal","","Gencash transaction for SPS RS Lapse Tool","","","","-$649.18"
"02/18/2026","Journal","","Gencash transaction for SPS RS Lapse Tool","","","","-$498.28"
"02/18/2026","Journal","","Gencash transaction for SPS RS Lapse Tool","","","","-$466.95"
"02/17/2026","Stock Plan Activity","SNAP","SNAP INC CLASS CLASS A","420","","",""
"02/17/2026","Stock Plan Activity","SNAP","SNAP INC CLASS CLASS A","195","","",""
"02/17/2026","Sell","SNAP","SNAP INC CLASS CLASS A","420","$4.7232","$0.08","$1983.66"
"02/17/2026","Stock Plan Activity","SNAP","SNAP INC CLASS CLASS A","211","","",""
"02/17/2026","Sell","SNAP","SNAP INC CLASS CLASS A","195","$4.7232","$0.04","$920.98"
"02/17/2026","Stock Plan Activity","SNAP","SNAP INC CLASS CLASS A","290","","",""
"02/17/2026","Sell","SNAP","SNAP INC CLASS CLASS A","211","$4.7232","$0.04","$996.56"
"02/17/2026","Stock Plan Activity","SNAP","SNAP INC CLASS CLASS A","196","","",""
"02/17/2026","Sell","SNAP","SNAP INC CLASS CLASS A","290","$4.7232","$0.06","$1369.67"
"02/17/2026","Stock Plan Activity","SNAP","SNAP INC CLASS CLASS A","149","","",""
"02/17/2026","Sell","SNAP","SNAP INC CLASS CLASS A","196","$4.7232","$0.04","$925.71"
"02/17/2026","Stock Plan Activity","SNAP","SNAP INC CLASS CLASS A","148","","",""
"02/17/2026","Sell","SNAP","SNAP INC CLASS CLASS A","149","$4.7232","$0.03","$703.73"
"02/17/2026","Stock Plan Activity","SNAP","SNAP INC CLASS CLASS A","106","","",""
"02/17/2026","Sell","SNAP","SNAP INC CLASS CLASS A","148","$4.7232","$0.03","$699.00"
"02/17/2026","Stock Plan Activity","SNAP","SNAP INC CLASS CLASS A","138","","",""
"02/17/2026","Sell","SNAP","SNAP INC CLASS CLASS A","106","$4.7232","$0.02","$500.64"
"02/17/2026","Stock Plan Activity","SNAP","SNAP INC CLASS CLASS A","99","","",""
"02/17/2026","Sell","SNAP","SNAP INC CLASS CLASS A","138","$4.7232","$0.03","$651.77"
"02/17/2026","Sell","SNAP","SNAP INC CLASS CLASS A","99","$4.7232","$0.02","$467.58"
"02/03/2026","Journal","","JOURNAL FRM ...579","","","","$200.00"
"01/29/2026","Journal","","JOURNAL FRM ...579","","","","$40291.84"
"01/20/2026","Stock Plan Activity","SNAP","SNAP INC CLASS CLASS A","278","","",""
"01/20/2026","Stock Plan Activity","SNAP","SNAP INC CLASS CLASS A","192","","",""
"01/20/2026","Stock Plan Activity","SNAP","SNAP INC CLASS CLASS A","139","","",""
"01/20/2026","Stock Plan Activity","SNAP","SNAP INC CLASS CLASS A","129","","",""
"01/20/2026","Stock Plan Activity","SNAP","SNAP INC CLASS CLASS A","128","","",""
"01/20/2026","Stock Plan Activity","SNAP","SNAP INC CLASS CLASS A","98","","",""
"01/20/2026","Stock Plan Activity","SNAP","SNAP INC CLASS CLASS A","97","","",""
"01/20/2026","Stock Plan Activity","SNAP","SNAP INC CLASS CLASS A","91","","",""
"01/20/2026","Stock Plan Activity","SNAP","SNAP INC CLASS CLASS A","69","","",""
"01/20/2026","Stock Plan Activity","SNAP","SNAP INC CLASS CLASS A","65","","",""
"01/20/2026","Journal","","Gencash transaction for SPS RS Lapse Tool","","","","-$3183.87"
"01/20/2026","Journal","","Gencash transaction for SPS RS Lapse Tool","","","","-$2200.35"
"01/20/2026","Journal","","Gencash transaction for SPS RS Lapse Tool","","","","-$1601.08"
"01/20/2026","Journal","","Gencash transaction for SPS RS Lapse Tool","","","","-$1482.14"
"01/20/2026","Journal","","Gencash transaction for SPS RS Lapse Tool","","","","-$1468.43"
"01/20/2026","Journal","","Gencash transaction for SPS RS Lapse Tool","","","","-$1129.91"
"01/20/2026","Journal","","Gencash transaction for SPS RS Lapse Tool","","","","-$1120.75"
"01/20/2026","Journal","","Gencash transaction for SPS RS Lapse Tool","","","","-$1042.98"
"01/20/2026","Journal","","Gencash transaction for SPS RS Lapse Tool","","","","-$800.54"
"01/20/2026","Journal","","Gencash transaction for SPS RS Lapse Tool","","","","-$750.22"
"01/16/2026","Stock Plan Activity","SNAP","SNAP INC CLASS CLASS A","418","","",""
"01/16/2026","Stock Plan Activity","SNAP","SNAP INC CLASS CLASS A","193","","",""
"01/16/2026","Sell","SNAP","SNAP INC CLASS CLASS A","418","$7.6185","$0.08","$3184.45"
"01/16/2026","Stock Plan Activity","SNAP","SNAP INC CLASS CLASS A","211","","",""
"01/16/2026","Sell","SNAP","SNAP INC CLASS CLASS A","193","$7.6185","$0.04","$1470.33"
"01/16/2026","Stock Plan Activity","SNAP","SNAP INC CLASS CLASS A","289","","",""
"01/16/2026","Sell","SNAP","SNAP INC CLASS CLASS A","211","$7.6185","$0.04","$1607.46"
"01/16/2026","Stock Plan Activity","SNAP","SNAP INC CLASS CLASS A","195","","",""
"01/16/2026","Sell","SNAP","SNAP INC CLASS CLASS A","289","$7.6185","$0.06","$2201.69"
"01/16/2026","Stock Plan Activity","SNAP","SNAP INC CLASS CLASS A","149","","",""
"01/16/2026","Sell","SNAP","SNAP INC CLASS CLASS A","195","$7.6185","$0.04","$1485.57"
"01/16/2026","Stock Plan Activity","SNAP","SNAP INC CLASS CLASS A","148","","",""
"01/16/2026","Sell","SNAP","SNAP INC CLASS CLASS A","149","$7.6185","$0.03","$1135.13"
"01/16/2026","Stock Plan Activity","SNAP","SNAP INC CLASS CLASS A","106","","",""
"01/16/2026","Sell","SNAP","SNAP INC CLASS CLASS A","148","$7.6185","$0.03","$1127.51"
"01/16/2026","Stock Plan Activity","SNAP","SNAP INC CLASS CLASS A","137","","",""
"01/16/2026","Sell","SNAP","SNAP INC CLASS CLASS A","106","$7.6185","$0.02","$807.54"
"01/16/2026","Stock Plan Activity","SNAP","SNAP INC CLASS CLASS A","99","","",""
"01/16/2026","Sell","SNAP","SNAP INC CLASS CLASS A","137","$7.6185","$0.03","$1043.70"
"01/16/2026","Sell","SNAP","SNAP INC CLASS CLASS A","99","$7.6185","$0.02","$754.21"
"12/17/2025","Stock Plan Activity","SNAP","SNAP INC CLASS CLASS A","408","","",""
"12/17/2025","Stock Plan Activity","SNAP","SNAP INC CLASS CLASS A","350","","",""
"12/17/2025","Stock Plan Activity","SNAP","SNAP INC CLASS CLASS A","343","","",""
"12/17/2025","Stock Plan Activity","SNAP","SNAP INC CLASS CLASS A","226","","",""
"12/17/2025","Stock Plan Activity","SNAP","SNAP INC CLASS CLASS A","165","","",""
"12/17/2025","Stock Plan Activity","SNAP","SNAP INC CLASS CLASS A","153","","",""
"12/17/2025","Stock Plan Activity","SNAP","SNAP INC CLASS CLASS A","151","","",""
"12/17/2025","Stock Plan Activity","SNAP","SNAP INC CLASS CLASS A","116","","",""
"12/17/2025","Stock Plan Activity","SNAP","SNAP INC CLASS CLASS A","115","","",""
"12/17/2025","Stock Plan Activity","SNAP","SNAP INC CLASS CLASS A","107","","",""
"12/17/2025","Stock Plan Activity","SNAP","SNAP INC CLASS CLASS A","82","","",""
"12/17/2025","Stock Plan Activity","SNAP","SNAP INC CLASS CLASS A","77","","",""
"12/17/2025","Journal","","Gencash transaction for SPS RS Lapse Tool","","","","-$3302.54"
"12/17/2025","Journal","","Gencash transaction for SPS RS Lapse Tool","","","","-$2836.21"
"12/17/2025","Journal","","Gencash transaction for SPS RS Lapse Tool","","","","-$2778.88"
"12/17/2025","Journal","","Gencash transaction for SPS RS Lapse Tool","","","","-$1834.75"
"12/17/2025","Journal","","Gencash transaction for SPS RS Lapse Tool","","","","-$1337.83"
"12/17/2025","Journal","","Gencash transaction for SPS RS Lapse Tool","","","","-$1242.28"
"12/17/2025","Journal","","Gencash transaction for SPS RS Lapse Tool","","","","-$1226.98"
"12/17/2025","Journal","","Gencash transaction for SPS RS Lapse Tool","","","","-$944.13"
"12/17/2025","Journal","","Gencash transaction for SPS RS Lapse Tool","","","","-$932.66"
"12/17/2025","Journal","","Gencash transaction for SPS RS Lapse Tool","","","","-$871.50"
"12/17/2025","Journal","","Gencash transaction for SPS RS Lapse Tool","","","","-$668.92"
"12/17/2025","Journal","","Gencash transaction for SPS RS Lapse Tool","","","","-$626.88"
"12/16/2025","Stock Plan Activity","SNAP","SNAP INC CLASS CLASS A","170","","",""
"12/16/2025","Stock Plan Activity","SNAP","SNAP INC CLASS CLASS A","185","","",""
"12/16/2025","Stock Plan Activity","SNAP","SNAP INC CLASS CLASS A","254","","",""
"12/16/2025","Sell","SNAP","SNAP INC CLASS CLASS A","170","$7.2486","$0.03","$1232.23"
"12/16/2025","Sell","SNAP","SNAP INC CLASS CLASS A","185","$7.2486","$0.03","$1340.96"
"12/16/2025","Stock Plan Activity","SNAP","SNAP INC CLASS CLASS A","172","","",""
"12/16/2025","Sell","SNAP","SNAP INC CLASS CLASS A","254","$7.2486","$0.04","$1841.10"
"12/16/2025","Stock Plan Activity","SNAP","SNAP INC CLASS CLASS A","131","","",""
"12/16/2025","Sell","SNAP","SNAP INC CLASS CLASS A","172","$7.2486","$0.03","$1246.73"
"12/16/2025","Sell","SNAP","SNAP INC CLASS CLASS A","131","$7.2486","$0.02","$949.55"
"12/16/2025","Stock Plan Activity","SNAP","SNAP INC CLASS CLASS A","93","","",""
"12/16/2025","Stock Plan Activity","SNAP","SNAP INC CLASS CLASS A","121","","",""
"12/16/2025","Sell","SNAP","SNAP INC CLASS CLASS A","93","$7.2486","$0.02","$674.10"
"12/16/2025","Stock Plan Activity","SNAP","SNAP INC CLASS CLASS A","87","","",""
"12/16/2025","Sell","SNAP","SNAP INC CLASS CLASS A","121","$7.2486","$0.02","$877.06"
"12/16/2025","Stock Plan Activity","SNAP","SNAP INC CLASS CLASS A","456","","",""
"12/16/2025","Sell","SNAP","SNAP INC CLASS CLASS A","87","$7.2486","$0.01","$630.62"
"12/16/2025","Stock Plan Activity","SNAP","SNAP INC CLASS CLASS A","392","","",""
"12/16/2025","Sell","SNAP","SNAP INC CLASS CLASS A","456","$7.2486","$0.08","$3305.28"
"12/16/2025","Stock Plan Activity","SNAP","SNAP INC CLASS CLASS A","384","","",""
"12/16/2025","Sell","SNAP","SNAP INC CLASS CLASS A","392","$7.2486","$0.07","$2841.38"
"12/16/2025","Sell","SNAP","SNAP INC CLASS CLASS A","384","$7.2486","$0.06","$2783.40"
"12/16/2025","Stock Plan Activity","SNAP","SNAP INC CLASS CLASS A","129","","",""
"12/16/2025","Sell","SNAP","SNAP INC CLASS CLASS A","129","$7.2486","$0.02","$935.05"
"11/26/2025","Credit Interest","","SCHWAB1 INT 10/30-11/25","","","","$1.20"
"11/24/2025","MoneyLink Transfer","","Tfr JPMORGAN CHASE BAN, JEFFREY LEE-CHAN","","","","-$55000.00"
"11/18/2025","Stock Plan Activity","SNAP","SNAP INC CLASS A","393","","",""
"11/18/2025","Stock Plan Activity","SNAP","SNAP INC CLASS A","337","","",""
"11/18/2025","Stock Plan Activity","SNAP","SNAP INC CLASS A","331","","",""
"11/18/2025","Stock Plan Activity","SNAP","SNAP INC CLASS A","219","","",""
"11/18/2025","Stock Plan Activity","SNAP","SNAP INC CLASS A","159","","",""
"11/18/2025","Stock Plan Activity","SNAP","SNAP INC CLASS A","147","","",""
"11/18/2025","Stock Plan Activity","SNAP","SNAP INC CLASS A","112","","",""
"11/18/2025","Stock Plan Activity","SNAP","SNAP INC CLASS A","111","","",""
"11/18/2025","Stock Plan Activity","SNAP","SNAP INC CLASS A","104","","",""
"11/18/2025","Stock Plan Activity","SNAP","SNAP INC CLASS A","79","","",""
"11/18/2025","Stock Plan Activity","SNAP","SNAP INC CLASS A","74","","",""
"11/18/2025","Journal","","Gencash transaction for SPS RS Lapse Tool","","","","-$3893.95"
"11/18/2025","Journal","","Gencash transaction for SPS RS Lapse Tool","","","","-$3343.47"
"11/18/2025","Journal","","Gencash transaction for SPS RS Lapse Tool","","","","-$3275.79"
"11/18/2025","Journal","","Gencash transaction for SPS RS Lapse Tool","","","","-$2170.32"
"11/18/2025","Journal","","Gencash transaction for SPS RS Lapse Tool","","","","-$1579.24"
"11/18/2025","Journal","","Gencash transaction for SPS RS Lapse Tool","","","","-$1461.92"
"11/18/2025","Journal","","Gencash transaction for SPS RS Lapse Tool","","","","-$1114.48"
"11/18/2025","Journal","","Gencash transaction for SPS RS Lapse Tool","","","","-$1105.46"
"11/18/2025","Journal","","Gencash transaction for SPS RS Lapse Tool","","","","-$1033.28"
"11/18/2025","Journal","","Gencash transaction for SPS RS Lapse Tool","","","","-$789.63"
"11/18/2025","Journal","","Gencash transaction for SPS RS Lapse Tool","","","","-$735.48"
"11/18/2025","Sell","SNAP","SNAP INC CLASS A","3,000","$8.19","$0.50","$24569.50"
"11/17/2025","Stock Plan Activity","SNAP","SNAP INC CLASS A","404","","",""
"11/17/2025","Stock Plan Activity","SNAP","SNAP INC CLASS A","395","","",""
"11/17/2025","Sell","SNAP","SNAP INC CLASS A","404","$8.2947","$0.07","$3350.99"
"11/17/2025","Sell","SNAP","SNAP INC CLASS A","395","$8.2947","$0.07","$3276.34"
"11/17/2025","Stock Plan Activity","SNAP","SNAP INC CLASS A","191","","",""
"11/17/2025","Stock Plan Activity","SNAP","SNAP INC CLASS A","262","","",""
"11/17/2025","Sell","SNAP","SNAP INC CLASS A","191","$8.2947","$0.03","$1584.26"
"11/17/2025","Stock Plan Activity","SNAP","SNAP INC CLASS A","177","","",""
"11/17/2025","Sell","SNAP","SNAP INC CLASS A","262","$8.2947","$0.04","$2173.17"
"11/17/2025","Stock Plan Activity","SNAP","SNAP INC CLASS A","135","","",""
"11/17/2025","Sell","SNAP","SNAP INC CLASS A","177","$8.2947","$0.03","$1468.13"
"11/17/2025","Stock Plan Activity","SNAP","SNAP INC CLASS A","134","","",""
"11/17/2025","Sell","SNAP","SNAP INC CLASS A","135","$8.2947","$0.02","$1119.76"
"11/17/2025","Stock Plan Activity","SNAP","SNAP INC CLASS A","96","","",""
"11/17/2025","Sell","SNAP","SNAP INC CLASS A","134","$8.2947","$0.02","$1111.47"
"11/17/2025","Stock Plan Activity","SNAP","SNAP INC CLASS A","125","","",""
"11/17/2025","Sell","SNAP","SNAP INC CLASS A","96","$8.2947","$0.02","$796.27"
"11/17/2025","Stock Plan Activity","SNAP","SNAP INC CLASS A","89","","",""
"11/17/2025","Sell","SNAP","SNAP INC CLASS A","125","$8.2947","$0.02","$1036.82"
"11/17/2025","Stock Plan Activity","SNAP","SNAP INC CLASS A","470","","",""
"11/17/2025","Sell","SNAP","SNAP INC CLASS A","89","$8.2947","$0.01","$738.22"
"11/17/2025","Sell","SNAP","SNAP INC CLASS A","470","$8.2947","$0.08","$3898.43"
"10/30/2025","Credit Interest","","SCHWAB1 INT 09/29-10/29","","","","$1.24"
"10/17/2025","Stock Plan Activity","SNAP","SNAP INC CLASS A","402","","",""
"10/17/2025","Stock Plan Activity","SNAP","SNAP INC CLASS A","345","","",""
"10/17/2025","Stock Plan Activity","SNAP","SNAP INC CLASS A","338","","",""
"10/17/2025","Stock Plan Activity","SNAP","SNAP INC CLASS A","223","","",""
"10/17/2025","Stock Plan Activity","SNAP","SNAP INC CLASS A","163","","",""
"10/17/2025","Stock Plan Activity","SNAP","SNAP INC CLASS A","154","","",""
"10/17/2025","Stock Plan Activity","SNAP","SNAP INC CLASS A","151","","",""
"10/17/2025","Stock Plan Activity","SNAP","SNAP INC CLASS A","114","","",""
"10/17/2025","Stock Plan Activity","SNAP","SNAP INC CLASS A","114","","",""
"10/17/2025","Stock Plan Activity","SNAP","SNAP INC CLASS A","106","","",""
"10/17/2025","Stock Plan Activity","SNAP","SNAP INC CLASS A","81","","",""
"10/17/2025","Stock Plan Activity","SNAP","SNAP INC CLASS A","76","","",""
"10/17/2025","Journal","","Gencash transaction for SPS RS Lapse Tool","","","","-$3598.23"
"10/17/2025","Journal","","Gencash transaction for SPS RS Lapse Tool","","","","-$3085.97"
"10/17/2025","Journal","","Gencash transaction for SPS RS Lapse Tool","","","","-$3023.50"
"10/17/2025","Journal","","Gencash transaction for SPS RS Lapse Tool","","","","-$1999.01"
"10/17/2025","Journal","","Gencash transaction for SPS RS Lapse Tool","","","","-$1457.62"
"10/17/2025","Journal","","Gencash transaction for SPS RS Lapse Tool","","","","-$1382.65"
"10/17/2025","Journal","","Gencash transaction for SPS RS Lapse Tool","","","","-$1353.51"
"10/17/2025","Journal","","Gencash transaction for SPS RS Lapse Tool","","","","-$1024.49"
"10/17/2025","Journal","","Gencash transaction for SPS RS Lapse Tool","","","","-$1020.33"
"10/17/2025","Journal","","Gencash transaction for SPS RS Lapse Tool","","","","-$949.53"
"10/17/2025","Journal","","Gencash transaction for SPS RS Lapse Tool","","","","-$724.65"
"10/17/2025","Journal","","Gencash transaction for SPS RS Lapse Tool","","","","-$683.00"
"10/16/2025","Stock Plan Activity","SNAP","SNAP INC CLASS A","187","","",""
"10/16/2025","Stock Plan Activity","SNAP","SNAP INC CLASS A","257","","",""
"10/16/2025","Sell","SNAP","SNAP INC CLASS A","187","$7.8034","$0.03","$1459.21"
"10/16/2025","Stock Plan Activity","SNAP","SNAP INC CLASS A","174","","",""
"10/16/2025","Sell","SNAP","SNAP INC CLASS A","257","$7.8034","$0.04","$2005.43"
"10/16/2025","Stock Plan Activity","SNAP","SNAP INC CLASS A","132","","",""
"10/16/2025","Sell","SNAP","SNAP INC CLASS A","174","$7.8034","$0.03","$1357.76"
"10/16/2025","Stock Plan Activity","SNAP","SNAP INC CLASS A","178","","",""
"10/16/2025","Sell","SNAP","SNAP INC CLASS A","132","$7.8034","$0.02","$1030.03"
"10/16/2025","Stock Plan Activity","SNAP","SNAP INC CLASS A","131","","",""
"10/16/2025","Sell","SNAP","SNAP INC CLASS A","178","$7.8034","$0.03","$1388.98"
"10/16/2025","Stock Plan Activity","SNAP","SNAP INC CLASS A","93","","",""
"10/16/2025","Sell","SNAP","SNAP INC CLASS A","131","$7.8034","$0.02","$1022.23"
"10/16/2025","Stock Plan Activity","SNAP","SNAP INC CLASS A","122","","",""
"10/16/2025","Sell","SNAP","SNAP INC CLASS A","93","$7.8034","$0.02","$725.70"
"10/16/2025","Stock Plan Activity","SNAP","SNAP INC CLASS A","88","","",""
"10/16/2025","Sell","SNAP","SNAP INC CLASS A","122","$7.8034","$0.02","$951.99"
"10/16/2025","Stock Plan Activity","SNAP","SNAP INC CLASS A","462","","",""
"10/16/2025","Sell","SNAP","SNAP INC CLASS A","88","$7.8034","$0.01","$686.69"
"10/16/2025","Stock Plan Activity","SNAP","SNAP INC CLASS A","396","","",""
"10/16/2025","Sell","SNAP","SNAP INC CLASS A","462","$7.8034","$0.08","$3605.09"
"10/16/2025","Stock Plan Activity","SNAP","SNAP INC CLASS A","388","","",""
"10/16/2025","Sell","SNAP","SNAP INC CLASS A","396","$7.8034","$0.07","$3090.08"
"10/16/2025","Sell","SNAP","SNAP INC CLASS A","388","$7.8034","$0.06","$3027.66"
"09/29/2025","Credit Interest","","SCHWAB1 INT 08/28-09/28","","","","$1.28"
"09/17/2025","Stock Plan Activity","SNAP","SNAP INC CLASS A","417","","",""
"09/17/2025","Stock Plan Activity","SNAP","SNAP INC CLASS A","358","","",""
"09/17/2025","Stock Plan Activity","SNAP","SNAP INC CLASS A","350","","",""
"09/17/2025","Stock Plan Activity","SNAP","SNAP INC CLASS A","232","","",""
"09/17/2025","Stock Plan Activity","SNAP","SNAP INC CLASS A","169","","",""
"09/17/2025","Stock Plan Activity","SNAP","SNAP INC CLASS A","160","","",""
"09/17/2025","Stock Plan Activity","SNAP","SNAP INC CLASS A","157","","",""
"09/17/2025","Stock Plan Activity","SNAP","SNAP INC CLASS A","119","","",""
"09/17/2025","Stock Plan Activity","SNAP","SNAP INC CLASS A","118","","",""
"09/17/2025","Stock Plan Activity","SNAP","SNAP INC CLASS A","110","","",""
"09/17/2025","Stock Plan Activity","SNAP","SNAP INC CLASS A","84","","",""
"09/17/2025","Stock Plan Activity","SNAP","SNAP INC CLASS A","79","","",""
"09/17/2025","Journal","","Gencash transaction for SPS RS Lapse Tool","","","","-$3389.59"
"09/17/2025","Journal","","Gencash transaction for SPS RS Lapse Tool","","","","-$2910.42"
"09/17/2025","Journal","","Gencash transaction for SPS RS Lapse Tool","","","","-$2851.50"
"09/17/2025","Journal","","Gencash transaction for SPS RS Lapse Tool","","","","-$1889.22"
"09/17/2025","Journal","","Gencash transaction for SPS RS Lapse Tool","","","","-$1374.69"
"09/17/2025","Journal","","Gencash transaction for SPS RS Lapse Tool","","","","-$1303.99"
"09/17/2025","Journal","","Gencash transaction for SPS RS Lapse Tool","","","","-$1276.51"
"09/17/2025","Journal","","Gencash transaction for SPS RS Lapse Tool","","","","-$970.14"
"09/17/2025","Journal","","Gencash transaction for SPS RS Lapse Tool","","","","-$962.28"
"09/17/2025","Journal","","Gencash transaction for SPS RS Lapse Tool","","","","-$895.52"
"09/17/2025","Journal","","Gencash transaction for SPS RS Lapse Tool","","","","-$687.35"
"09/17/2025","Journal","","Gencash transaction for SPS RS Lapse Tool","","","","-$644.14"
"09/16/2025","Stock Plan Activity","SNAP","SNAP INC CLASS A","128","","",""
"09/16/2025","Sell","SNAP","SNAP INC CLASS A","128","$7.6027","$0.02","$973.13"
"09/16/2025","Stock Plan Activity","SNAP","SNAP INC CLASS A","172","","",""
"09/16/2025","Stock Plan Activity","SNAP","SNAP INC CLASS A","127","","",""
"09/16/2025","Sell","SNAP","SNAP INC CLASS A","172","$7.6027","$0.03","$1307.63"
"09/16/2025","Stock Plan Activity","SNAP","SNAP INC CLASS A","91","","",""
"09/16/2025","Sell","SNAP","SNAP INC CLASS A","127","$7.6027","$0.02","$965.52"
"09/16/2025","Stock Plan Activity","SNAP","SNAP INC CLASS A","118","","",""
"09/16/2025","Sell","SNAP","SNAP INC CLASS A","91","$7.6027","$0.02","$691.83"
"09/16/2025","Sell","SNAP","SNAP INC CLASS A","118","$7.6027","$0.02","$897.10"
"09/16/2025","Stock Plan Activity","SNAP","SNAP INC CLASS A","85","","",""
"09/16/2025","Sell","SNAP","SNAP INC CLASS A","85","$7.6027","$0.01","$646.22"
"09/16/2025","Stock Plan Activity","SNAP","SNAP INC CLASS A","446","","",""
"09/16/2025","Stock Plan Activity","SNAP","SNAP INC CLASS A","383","","",""
"09/16/2025","Sell","SNAP","SNAP INC CLASS A","446","$7.6027","$0.07","$3390.73"
"09/16/2025","Sell","SNAP","SNAP INC CLASS A","383","$7.6027","$0.06","$2911.77"
"09/16/2025","Stock Plan Activity","SNAP","SNAP INC CLASS A","376","","",""
"09/16/2025","Sell","SNAP","SNAP INC CLASS A","376","$7.6027","$0.06","$2858.56"
"09/16/2025","Stock Plan Activity","SNAP","SNAP INC CLASS A","181","","",""
"09/16/2025","Sell","SNAP","SNAP INC CLASS A","181","$7.6027","$0.03","$1376.06"
"09/16/2025","Stock Plan Activity","SNAP","SNAP INC CLASS A","249","","",""
"09/16/2025","Stock Plan Activity","SNAP","SNAP INC CLASS A","168","","",""
"09/16/2025","Sell","SNAP","SNAP INC CLASS A","249","$7.6027","$0.04","$1893.03"
"09/16/2025","Sell","SNAP","SNAP INC CLASS A","168","$7.6027","$0.03","$1277.22"
"08/28/2025","Credit Interest","","SCHWAB1 INT 07/30-08/27","","","","$0.04"
"08/26/2025","Sell","SNAP","SNAP INC CLASS A","4,301","$7.0249","$0.71","$30213.38"
"08/19/2025","Stock Plan Activity","SNAP","SNAP INC CLASS A","412","","",""
"08/19/2025","Stock Plan Activity","SNAP","SNAP INC CLASS A","354","","",""
"08/19/2025","Stock Plan Activity","SNAP","SNAP INC CLASS A","347","","",""
"08/19/2025","Stock Plan Activity","SNAP","SNAP INC CLASS A","229","","",""
"08/19/2025","Stock Plan Activity","SNAP","SNAP INC CLASS A","158","","",""
"08/19/2025","Stock Plan Activity","SNAP","SNAP INC CLASS A","155","","",""
"08/19/2025","Stock Plan Activity","SNAP","SNAP INC CLASS A","118","","",""
"08/19/2025","Stock Plan Activity","SNAP","SNAP INC CLASS A","117","","",""
"08/19/2025","Stock Plan Activity","SNAP","SNAP INC CLASS A","109","","",""
"08/19/2025","Stock Plan Activity","SNAP","SNAP INC CLASS A","83","","",""
"08/19/2025","Stock Plan Activity","SNAP","SNAP INC CLASS A","78","","",""
"08/19/2025","Journal","","Gencash transaction for SPS RS Lapse Tool","","","","-$3248.74"
"08/19/2025","Journal","","Gencash transaction for SPS RS Lapse Tool","","","","-$2789.47"
"08/19/2025","Journal","","Gencash transaction for SPS RS Lapse Tool","","","","-$2733.01"
"08/19/2025","Journal","","Gencash transaction for SPS RS Lapse Tool","","","","-$1806.95"
"08/19/2025","Journal","","Gencash transaction for SPS RS Lapse Tool","","","","-$1249.81"
"08/19/2025","Journal","","Gencash transaction for SPS RS Lapse Tool","","","","-$1219.69"
"08/19/2025","Journal","","Gencash transaction for SPS RS Lapse Tool","","","","-$929.82"
"08/19/2025","Journal","","Gencash transaction for SPS RS Lapse Tool","","","","-$922.30"
"08/19/2025","Journal","","Gencash transaction for SPS RS Lapse Tool","","","","-$858.30"
"08/19/2025","Journal","","Gencash transaction for SPS RS Lapse Tool","","","","-$658.78"
"08/19/2025","Journal","","Gencash transaction for SPS RS Lapse Tool","","","","-$617.37"
"08/18/2025","Stock Plan Activity","SNAP","SNAP INC CLASS A","251","","",""
"08/18/2025","Sell","SNAP","SNAP INC CLASS A","251","$7.218","$0.04","$1811.68"
"08/18/2025","Stock Plan Activity","SNAP","SNAP INC CLASS A","169","","",""
"08/18/2025","Sell","SNAP","SNAP INC CLASS A","169","$7.218","$0.03","$1219.81"
"08/18/2025","Stock Plan Activity","SNAP","SNAP INC CLASS A","129","","",""
"08/18/2025","Sell","SNAP","SNAP INC CLASS A","129","$7.218","$0.02","$931.10"
"08/18/2025","Stock Plan Activity","SNAP","SNAP INC CLASS A","174","","",""
"08/18/2025","Sell","SNAP","SNAP INC CLASS A","174","$7.218","$0.03","$1255.90"
"08/18/2025","Stock Plan Activity","SNAP","SNAP INC CLASS A","86","","",""
"08/18/2025","Sell","SNAP","SNAP INC CLASS A","86","$7.218","$0.01","$620.74"
"08/18/2025","Stock Plan Activity","SNAP","SNAP INC CLASS A","451","","",""
"08/18/2025","Stock Plan Activity","SNAP","SNAP INC CLASS A","387","","",""
"08/18/2025","Sell","SNAP","SNAP INC CLASS A","451","$7.218","$0.07","$3255.25"
"08/18/2025","Sell","SNAP","SNAP INC CLASS A","387","$7.218","$0.06","$2793.31"
"08/18/2025","Stock Plan Activity","SNAP","SNAP INC CLASS A","379","","",""
"08/18/2025","Sell","SNAP","SNAP INC CLASS A","379","$7.218","$0.06","$2735.56"
"08/18/2025","Stock Plan Activity","SNAP","SNAP INC CLASS A","128","","",""
"08/18/2025","Sell","SNAP","SNAP INC CLASS A","128","$7.218","$0.02","$923.88"
"08/18/2025","Stock Plan Activity","SNAP","SNAP INC CLASS A","92","","",""
"08/18/2025","Sell","SNAP","SNAP INC CLASS A","92","$7.218","$0.02","$664.04"
"08/18/2025","Stock Plan Activity","SNAP","SNAP INC CLASS A","119","","",""
"08/18/2025","Sell","SNAP","SNAP INC CLASS A","119","$7.218","$0.02","$858.92"
"07/17/2025","Stock Plan Activity","SNAP","SNAP INC CLASS A","408","","",""
"07/17/2025","Stock Plan Activity","SNAP","SNAP INC CLASS A","350","","",""
"07/17/2025","Stock Plan Activity","SNAP","SNAP INC CLASS A","343","","",""
"07/17/2025","Stock Plan Activity","SNAP","SNAP INC CLASS A","156","","",""
"07/17/2025","Stock Plan Activity","SNAP","SNAP INC CLASS A","153","","",""
"07/17/2025","Stock Plan Activity","SNAP","SNAP INC CLASS A","116","","",""
"07/17/2025","Stock Plan Activity","SNAP","SNAP INC CLASS A","115","","",""
"07/17/2025","Stock Plan Activity","SNAP","SNAP INC CLASS A","107","","",""
"07/17/2025","Stock Plan Activity","SNAP","SNAP INC CLASS A","82","","",""
"07/17/2025","Stock Plan Activity","SNAP","SNAP INC CLASS A","77","","",""
"07/17/2025","Journal","","Gencash transaction for SPS RS Lapse Tool","","","","-$4312.43"
"07/17/2025","Journal","","Gencash transaction for SPS RS Lapse Tool","","","","-$3698.49"
"07/17/2025","Journal","","Gencash transaction for SPS RS Lapse Tool","","","","-$3623.63"
"07/17/2025","Journal","","Gencash transaction for SPS RS Lapse Tool","","","","-$1657.09"
"07/17/2025","Journal","","Gencash transaction for SPS RS Lapse Tool","","","","-$1622.14"
"07/17/2025","Journal","","Gencash transaction for SPS RS Lapse Tool","","","","-$1232.83"
"07/17/2025","Journal","","Gencash transaction for SPS RS Lapse Tool","","","","-$1222.85"
"07/17/2025","Journal","","Gencash transaction for SPS RS Lapse Tool","","","","-$1137.99"
"07/17/2025","Journal","","Gencash transaction for SPS RS Lapse Tool","","","","-$873.47"
"07/17/2025","Journal","","Gencash transaction for SPS RS Lapse Tool","","","","-$813.58"
"07/16/2025","Stock Plan Activity","SNAP","SNAP INC CLASS A","172","","",""
"07/16/2025","Sell","SNAP","SNAP INC CLASS A","172","$9.4672","$0.03","$1628.33"
"07/16/2025","Stock Plan Activity","SNAP","SNAP INC CLASS A","131","","",""
"07/16/2025","Sell","SNAP","SNAP INC CLASS A","131","$9.4672","$0.02","$1240.18"
"07/16/2025","Stock Plan Activity","SNAP","SNAP INC CLASS A","176","","",""
"07/16/2025","Stock Plan Activity","SNAP","SNAP INC CLASS A","130","","",""
"07/16/2025","Sell","SNAP","SNAP INC CLASS A","176","$9.4672","$0.03","$1666.20"
"07/16/2025","Stock Plan Activity","SNAP","SNAP INC CLASS A","93","","",""
"07/16/2025","Stock Plan Activity","SNAP","SNAP INC CLASS A","121","","",""
"07/16/2025","Sell","SNAP","SNAP INC CLASS A","130","$9.4672","$0.02","$1230.72"
"07/16/2025","Sell","SNAP","SNAP INC CLASS A","93","$9.4672","$0.02","$880.43"
"07/16/2025","Sell","SNAP","SNAP INC CLASS A","121","$9.4672","$0.02","$1145.51"
"07/16/2025","Stock Plan Activity","SNAP","SNAP INC CLASS A","86","","",""
"07/16/2025","Sell","SNAP","SNAP INC CLASS A","86","$9.4672","$0.01","$814.17"
"07/16/2025","Stock Plan Activity","SNAP","SNAP INC CLASS A","456","","",""
"07/16/2025","Sell","SNAP","SNAP INC CLASS A","456","$9.4672","$0.08","$4316.96"
"07/16/2025","Stock Plan Activity","SNAP","SNAP INC CLASS A","391","","",""
"07/16/2025","Sell","SNAP","SNAP INC CLASS A","391","$9.4672","$0.06","$3701.62"
"07/16/2025","Stock Plan Activity","SNAP","SNAP INC CLASS A","383","","",""
"07/16/2025","Sell","SNAP","SNAP INC CLASS A","383","$9.4672","$0.06","$3625.88"
"06/27/2025","Credit Interest","","SCHWAB1 INT 05/29-06/26","","","","$0.10"
"06/17/2025","Stock Plan Activity","SNAP","SNAP INC CLASS A","416","","",""
"06/17/2025","Stock Plan Activity","SNAP","SNAP INC CLASS A","357","","",""
"06/17/2025","Stock Plan Activity","SNAP","SNAP INC CLASS A","350","","",""
"06/17/2025","Stock Plan Activity","SNAP","SNAP INC CLASS A","160","","",""
"06/17/2025","Stock Plan Activity","SNAP","SNAP INC CLASS A","156","","",""
"06/17/2025","Stock Plan Activity","SNAP","SNAP INC CLASS A","119","","",""
"06/17/2025","Stock Plan Activity","SNAP","SNAP INC CLASS A","118","","",""
"06/17/2025","Stock Plan Activity","SNAP","SNAP INC CLASS A","110","","",""
"06/17/2025","Stock Plan Activity","SNAP","SNAP INC CLASS A","84","","",""
"06/17/2025","Stock Plan Activity","SNAP","SNAP INC CLASS A","79","","",""
"06/17/2025","Journal","","Gencash transaction for SPS RS Lapse Tool","","","","-$3607.70"
"06/17/2025","Journal","","Gencash transaction for SPS RS Lapse Tool","","","","-$3097.68"
"06/17/2025","Journal","","Gencash transaction for SPS RS Lapse Tool","","","","-$3034.97"
"06/17/2025","Journal","","Gencash transaction for SPS RS Lapse Tool","","","","-$1387.89"
"06/17/2025","Journal","","Gencash transaction for SPS RS Lapse Tool","","","","-$1354.45"
"06/17/2025","Journal","","Gencash transaction for SPS RS Lapse Tool","","","","-$1032.57"
"06/17/2025","Journal","","Gencash transaction for SPS RS Lapse Tool","","","","-$1024.20"
"06/17/2025","Journal","","Gencash transaction for SPS RS Lapse Tool","","","","-$953.13"
"06/17/2025","Journal","","Gencash transaction for SPS RS Lapse Tool","","","","-$727.39"
"06/17/2025","Journal","","Gencash transaction for SPS RS Lapse Tool","","","","-$685.59"
"06/16/2025","Stock Plan Activity","SNAP","SNAP INC CLASS A","118","","",""
"06/16/2025","Sell","SNAP","SNAP INC CLASS A","118","$8.0865","$0.02","$954.19"
"06/16/2025","Stock Plan Activity","SNAP","SNAP INC CLASS A","85","","",""
"06/16/2025","Stock Plan Activity","SNAP","SNAP INC CLASS A","447","","",""
"06/16/2025","Stock Plan Activity","SNAP","SNAP INC CLASS A","384","","",""
"06/16/2025","Sell","SNAP","SNAP INC CLASS A","85","$8.0865","$0.01","$687.34"
"06/16/2025","Stock Plan Activity","SNAP","SNAP INC CLASS A","376","","",""
"06/16/2025","Sell","SNAP","SNAP INC CLASS A","447","$8.0865","$0.07","$3614.60"
"06/16/2025","Sell","SNAP","SNAP INC CLASS A","384","$8.0865","$0.06","$3105.16"
"06/16/2025","Sell","SNAP","SNAP INC CLASS A","376","$8.0865","$0.06","$3040.46"
"06/16/2025","Stock Plan Activity","SNAP","SNAP INC CLASS A","168","","",""
"06/16/2025","Stock Plan Activity","SNAP","SNAP INC CLASS A","128","","",""
"06/16/2025","Stock Plan Activity","SNAP","SNAP INC CLASS A","172","","",""
"06/16/2025","Stock Plan Activity","SNAP","SNAP INC CLASS A","127","","",""
"06/16/2025","Stock Plan Activity","SNAP","SNAP INC CLASS A","90","","",""
"06/16/2025","Sell","SNAP","SNAP INC CLASS A","168","$8.0865","$0.03","$1358.50"
"06/16/2025","Sell","SNAP","SNAP INC CLASS A","128","$8.0865","$0.02","$1035.05"
"06/16/2025","Sell","SNAP","SNAP INC CLASS A","172","$8.0865","$0.03","$1390.85"
"06/16/2025","Sell","SNAP","SNAP INC CLASS A","127","$8.0865","$0.02","$1026.97"
"06/16/2025","Sell","SNAP","SNAP INC CLASS A","90","$8.0865","$0.01","$727.78"
"06/04/2025","MoneyLink Transfer","","Tfr JPMorgan Chase Ban, JEFFREY LEE-CHAN","","","","-$32988.00"
"05/30/2025","Sell","SNAP","SNAP INC CLASS A","4,000","$8.23","$0.66","$32919.34"
"05/29/2025","Credit Interest","","SCHWAB1 INT 04/29-05/28","","","","$0.12"
"05/19/2025","Stock Plan Activity","SNAP","SNAP INC CLASS A","411","","",""
"05/19/2025","Stock Plan Activity","SNAP","SNAP INC CLASS A","353","","",""
"05/19/2025","Stock Plan Activity","SNAP","SNAP INC CLASS A","346","","",""
"05/19/2025","Stock Plan Activity","SNAP","SNAP INC CLASS A","158","","",""
"05/19/2025","Stock Plan Activity","SNAP","SNAP INC CLASS A","117","","",""
"05/19/2025","Stock Plan Activity","SNAP","SNAP INC CLASS A","116","","",""
"05/19/2025","Stock Plan Activity","SNAP","SNAP INC CLASS A","109","","",""
"05/19/2025","Stock Plan Activity","SNAP","SNAP INC CLASS A","83","","",""
"05/19/2025","Stock Plan Activity","SNAP","SNAP INC CLASS A","78","","",""
"05/19/2025","Journal","","Gencash transaction for SPS RS Lapse Tool","","","","-$3898.49"
"05/19/2025","Journal","","Gencash transaction for SPS RS Lapse Tool","","","","-$3347.37"
"05/19/2025","Journal","","Gencash transaction for SPS RS Lapse Tool","","","","-$3279.61"
"05/19/2025","Journal","","Gencash transaction for SPS RS Lapse Tool","","","","-$1499.77"
"05/19/2025","Journal","","Gencash transaction for SPS RS Lapse Tool","","","","-$1115.79"
"05/19/2025","Journal","","Gencash transaction for SPS RS Lapse Tool","","","","-$1106.76"
"05/19/2025","Journal","","Gencash transaction for SPS RS Lapse Tool","","","","-$1034.47"
"05/19/2025","Journal","","Gencash transaction for SPS RS Lapse Tool","","","","-$790.54"
"05/19/2025","Journal","","Gencash transaction for SPS RS Lapse Tool","","","","-$740.84"
"05/16/2025","Stock Plan Activity","SNAP","SNAP INC CLASS A","130","","",""
"05/16/2025","Stock Plan Activity","SNAP","SNAP INC CLASS A","174","","",""
"05/16/2025","Sell","SNAP","SNAP INC CLASS A","130","$8.6434","$0.02","$1123.62"
"05/16/2025","Stock Plan Activity","SNAP","SNAP INC CLASS A","129","","",""
"05/16/2025","Sell","SNAP","SNAP INC CLASS A","174","$8.6434","$0.03","$1503.92"
"05/16/2025","Sell","SNAP","SNAP INC CLASS A","129","$8.6434","$0.02","$1114.98"
"05/16/2025","Stock Plan Activity","SNAP","SNAP INC CLASS A","92","","",""
"05/16/2025","Stock Plan Activity","SNAP","SNAP INC CLASS A","120","","",""
"05/16/2025","Sell","SNAP","SNAP INC CLASS A","92","$8.6434","$0.02","$795.17"
"05/16/2025","Sell","SNAP","SNAP INC CLASS A","120","$8.6434","$0.02","$1037.19"
"05/16/2025","Stock Plan Activity","SNAP","SNAP INC CLASS A","86","","",""
"05/16/2025","Stock Plan Activity","SNAP","SNAP INC CLASS A","452","","",""
"05/16/2025","Sell","SNAP","SNAP INC CLASS A","86","$8.6434","$0.01","$743.32"
"05/16/2025","Stock Plan Activity","SNAP","SNAP INC CLASS A","388","","",""
"05/16/2025","Sell","SNAP","SNAP INC CLASS A","452","$8.6434","$0.08","$3906.74"
"05/16/2025","Sell","SNAP","SNAP INC CLASS A","388","$8.6434","$0.06","$3353.58"
"05/16/2025","Stock Plan Activity","SNAP","SNAP INC CLASS A","380","","",""
"05/16/2025","Sell","SNAP","SNAP INC CLASS A","380","$8.6434","$0.06","$3284.43"
"05/15/2025","MoneyLink Transfer","","Tfr JPMorgan Chase Ban, JEFFREY LEE-CHAN","","","","-$12500.00"
"05/08/2025","Sell","SNAP","SNAP INC CLASS A","1,500","$8.29","$0.59","$12434.41"
"04/17/2025","Stock Plan Activity","SNAP","SNAP INC CLASS A","400","","",""
"04/17/2025","Stock Plan Activity","SNAP","SNAP INC CLASS A","343","","",""
"04/17/2025","Stock Plan Activity","SNAP","SNAP INC CLASS A","336","","",""
"04/17/2025","Stock Plan Activity","SNAP","SNAP INC CLASS A","153","","",""
"04/17/2025","Stock Plan Activity","SNAP","SNAP INC CLASS A","140","","",""
"04/17/2025","Stock Plan Activity","SNAP","SNAP INC CLASS A","114","","",""
"04/17/2025","Stock Plan Activity","SNAP","SNAP INC CLASS A","113","","",""
"04/17/2025","Stock Plan Activity","SNAP","SNAP INC CLASS A","105","","",""
"04/17/2025","Stock Plan Activity","SNAP","SNAP INC CLASS A","81","","",""
"04/17/2025","Stock Plan Activity","SNAP","SNAP INC CLASS A","76","","",""
"04/17/2025","Journal","","Gencash transaction for SPS RS Lapse Tool","","","","-$3580.04"
"04/17/2025","Journal","","Gencash transaction for SPS RS Lapse Tool","","","","-$3070.38"
"04/17/2025","Journal","","Gencash transaction for SPS RS Lapse Tool","","","","-$3008.22"
"04/17/2025","Journal","","Gencash transaction for SPS RS Lapse Tool","","","","-$1375.67"
"04/17/2025","Journal","","Gencash transaction for SPS RS Lapse Tool","","","","-$1255.50"
"04/17/2025","Journal","","Gencash transaction for SPS RS Lapse Tool","","","","-$1023.47"
"04/17/2025","Journal","","Gencash transaction for SPS RS Lapse Tool","","","","-$1015.17"
"04/17/2025","Journal","","Gencash transaction for SPS RS Lapse Tool","","","","-$944.73"
"04/17/2025","Journal","","Gencash transaction for SPS RS Lapse Tool","","","","-$725.12"
"04/17/2025","Journal","","Gencash transaction for SPS RS Lapse Tool","","","","-$679.54"
"04/16/2025","Stock Plan Activity","SNAP","SNAP INC CLASS A","133","","",""
"04/16/2025","Sell","SNAP","SNAP INC CLASS A","133","$7.7273","$0.05","$1027.68"
"04/16/2025","Stock Plan Activity","SNAP","SNAP INC CLASS A","179","","",""
"04/16/2025","Sell","SNAP","SNAP INC CLASS A","179","$7.7273","$0.07","$1383.12"
"04/16/2025","Stock Plan Activity","SNAP","SNAP INC CLASS A","132","","",""
"04/16/2025","Sell","SNAP","SNAP INC CLASS A","132","$7.7273","$0.05","$1019.95"
"04/16/2025","Stock Plan Activity","SNAP","SNAP INC CLASS A","94","","",""
"04/16/2025","Sell","SNAP","SNAP INC CLASS A","94","$7.7273","$0.04","$726.33"
"04/16/2025","Stock Plan Activity","SNAP","SNAP INC CLASS A","163","","",""
"04/16/2025","Sell","SNAP","SNAP INC CLASS A","163","$7.7273","$0.07","$1259.48"
"04/16/2025","Stock Plan Activity","SNAP","SNAP INC CLASS A","123","","",""
"04/16/2025","Sell","SNAP","SNAP INC CLASS A","123","$7.7273","$0.05","$950.41"
"04/16/2025","Stock Plan Activity","SNAP","SNAP INC CLASS A","88","","",""
"04/16/2025","Sell","SNAP","SNAP INC CLASS A","88","$7.7273","$0.03","$679.97"
"04/16/2025","Stock Plan Activity","SNAP","SNAP INC CLASS A","464","","",""
"04/16/2025","Sell","SNAP","SNAP INC CLASS A","464","$7.7273","$0.18","$3585.29"
"04/16/2025","Stock Plan Activity","SNAP","SNAP INC CLASS A","398","","",""
"04/16/2025","Sell","SNAP","SNAP INC CLASS A","398","$7.7273","$0.16","$3075.31"
"04/16/2025","Stock Plan Activity","SNAP","SNAP INC CLASS A","390","","",""
"04/16/2025","Sell","SNAP","SNAP INC CLASS A","390","$7.7273","$0.14","$3013.51"
"03/18/2025","Stock Plan Activity","SNAP","SNAP INC CLASS A","409","","",""
"03/18/2025","Stock Plan Activity","SNAP","SNAP INC CLASS A","316","","",""
"03/18/2025","Stock Plan Activity","SNAP","SNAP INC CLASS A","309","","",""
"03/18/2025","Stock Plan Activity","SNAP","SNAP INC CLASS A","164","","",""
"03/18/2025","Stock Plan Activity","SNAP","SNAP INC CLASS A","150","","",""
"03/18/2025","Stock Plan Activity","SNAP","SNAP INC CLASS A","121","","",""
"03/18/2025","Stock Plan Activity","SNAP","SNAP INC CLASS A","121","","",""
"03/18/2025","Stock Plan Activity","SNAP","SNAP INC CLASS A","113","","",""
"03/18/2025","Stock Plan Activity","SNAP","SNAP INC CLASS A","86","","",""
"03/18/2025","Stock Plan Activity","SNAP","SNAP INC CLASS A","80","","",""
"03/18/2025","Journal","","Gencash transaction for SPS RS Lapse Tool","","","","-$4019.88"
"03/18/2025","Journal","","Gencash transaction for SPS RS Lapse Tool","","","","-$3767.72"
"03/18/2025","Journal","","Gencash transaction for SPS RS Lapse Tool","","","","-$3691.44"
"03/18/2025","Journal","","Gencash transaction for SPS RS Lapse Tool","","","","-$1484.44"
"03/18/2025","Journal","","Gencash transaction for SPS RS Lapse Tool","","","","-$1354.77"
"03/18/2025","Journal","","Gencash transaction for SPS RS Lapse Tool","","","","-$1099.91"
"03/18/2025","Journal","","Gencash transaction for SPS RS Lapse Tool","","","","-$1095.44"
"03/18/2025","Journal","","Gencash transaction for SPS RS Lapse Tool","","","","-$1019.43"
"03/18/2025","Journal","","Gencash transaction for SPS RS Lapse Tool","","","","-$782.46"
"03/18/2025","Journal","","Gencash transaction for SPS RS Lapse Tool","","","","-$728.81"
"03/17/2025","Stock Plan Activity","SNAP","SNAP INC CLASS A","125","","",""
"03/17/2025","Sell","SNAP","SNAP INC CLASS A","125","$8.8653","$0.05","$1108.11"
"03/17/2025","Stock Plan Activity","SNAP","SNAP INC CLASS A","168","","",""
"03/17/2025","Sell","SNAP","SNAP INC CLASS A","168","$8.8653","$0.07","$1489.30"
"03/17/2025","Stock Plan Activity","SNAP","SNAP INC CLASS A","124","","",""
"03/17/2025","Sell","SNAP","SNAP INC CLASS A","124","$8.8653","$0.05","$1099.25"
"03/17/2025","Stock Plan Activity","SNAP","SNAP INC CLASS A","89","","",""
"03/17/2025","Sell","SNAP","SNAP INC CLASS A","89","$8.8653","$0.03","$788.98"
"03/17/2025","Stock Plan Activity","SNAP","SNAP INC CLASS A","153","","",""
"03/17/2025","Sell","SNAP","SNAP INC CLASS A","153","$8.8653","$0.07","$1356.32"
"03/17/2025","Stock Plan Activity","SNAP","SNAP INC CLASS A","115","","",""
"03/17/2025","Sell","SNAP","SNAP INC CLASS A","115","$8.8653","$0.05","$1019.46"
"03/17/2025","Stock Plan Activity","SNAP","SNAP INC CLASS A","83","","",""
"03/17/2025","Sell","SNAP","SNAP INC CLASS A","83","$8.8653","$0.03","$735.79"
"03/17/2025","Stock Plan Activity","SNAP","SNAP INC CLASS A","454","","",""
"03/17/2025","Sell","SNAP","SNAP INC CLASS A","454","$8.8653","$0.19","$4024.66"
"03/17/2025","Stock Plan Activity","SNAP","SNAP INC CLASS A","425","","",""
"03/17/2025","Sell","SNAP","SNAP INC CLASS A","425","$8.8653","$0.17","$3767.58"
"03/17/2025","Stock Plan Activity","SNAP","SNAP INC CLASS A","417","","",""
"03/17/2025","Sell","SNAP","SNAP INC CLASS A","417","$8.8653","$0.17","$3696.66"
"03/03/2025","MoneyLink Transfer","","Tfr JPMORGAN CHASE BAN, JEFFREY LEE-CHAN","","","","-$1254.00"
"02/19/2025","Stock Plan Activity","SNAP","SNAP INC CLASS A","355","","",""
"02/19/2025","Stock Plan Activity","SNAP","SNAP INC CLASS A","305","","",""
"02/19/2025","Stock Plan Activity","SNAP","SNAP INC CLASS A","299","","",""
"02/19/2025","Stock Plan Activity","SNAP","SNAP INC CLASS A","136","","",""
"02/19/2025","Stock Plan Activity","SNAP","SNAP INC CLASS A","124","","",""
"02/19/2025","Stock Plan Activity","SNAP","SNAP INC CLASS A","101","","",""
"02/19/2025","Stock Plan Activity","SNAP","SNAP INC CLASS A","94","","",""
"02/19/2025","Stock Plan Activity","SNAP","SNAP INC CLASS A","72","","",""
"02/19/2025","Stock Plan Activity","SNAP","SNAP INC CLASS A","67","","",""
"02/19/2025","Journal","","Gencash transaction for SPS RS Lapse Tool","","","","-$5510.44"
"02/19/2025","Journal","","Gencash transaction for SPS RS Lapse Tool","","","","-$4731.45"
"02/19/2025","Journal","","Gencash transaction for SPS RS Lapse Tool","","","","-$4635.67"
"02/19/2025","Journal","","Gencash transaction for SPS RS Lapse Tool","","","","-$2119.89"
"02/19/2025","Journal","","Gencash transaction for SPS RS Lapse Tool","","","","-$1928.34"
"02/19/2025","Journal","","Gencash transaction for SPS RS Lapse Tool","","","","-$1564.37"
"02/19/2025","Journal","","Gencash transaction for SPS RS Lapse Tool","","","","-$1455.84"
"02/19/2025","Journal","","Gencash transaction for SPS RS Lapse Tool","","","","-$1117.41"
"02/19/2025","Journal","","Gencash transaction for SPS RS Lapse Tool","","","","-$1047.17"
"02/18/2025","Stock Plan Activity","SNAP","SNAP INC CLASS A","196","","",""
"02/18/2025","Stock Plan Activity","SNAP","SNAP INC CLASS A","144","","",""
"02/18/2025","Stock Plan Activity","SNAP","SNAP INC CLASS A","103","","",""
"02/18/2025","Stock Plan Activity","SNAP","SNAP INC CLASS A","178","","",""
"02/18/2025","Stock Plan Activity","SNAP","SNAP INC CLASS A","134","","",""
"02/18/2025","Stock Plan Activity","SNAP","SNAP INC CLASS A","97","","",""
"02/18/2025","Stock Plan Activity","SNAP","SNAP INC CLASS A","508","","",""
"02/18/2025","Stock Plan Activity","SNAP","SNAP INC CLASS A","436","","",""
"02/18/2025","Stock Plan Activity","SNAP","SNAP INC CLASS A","427","","",""
"02/18/2025","Sell","SNAP","SNAP INC CLASS A","196","$10.8691","$0.09","$2130.25"
"02/18/2025","Sell","SNAP","SNAP INC CLASS A","144","$10.8691","$0.06","$1565.09"
"02/18/2025","Sell","SNAP","SNAP INC CLASS A","103","$10.8691","$0.05","$1119.47"
"02/18/2025","Sell","SNAP","SNAP INC CLASS A","178","$10.8691","$0.08","$1934.62"
"02/18/2025","Sell","SNAP","SNAP INC CLASS A","134","$10.8691","$0.06","$1456.40"
"02/18/2025","Sell","SNAP","SNAP INC CLASS A","97","$10.8691","$0.05","$1054.25"
"02/18/2025","Sell","SNAP","SNAP INC CLASS A","508","$10.8691","$0.23","$5521.27"
"02/18/2025","Sell","SNAP","SNAP INC CLASS A","436","$10.8691","$0.20","$4738.73"
"02/18/2025","Sell","SNAP","SNAP INC CLASS A","427","$10.8691","$0.20","$4640.91"
"02/13/2025","Security Transfer","SNAP","SNAP INC CLASS A","-4,629","","",""
"01/17/2025","Stock Plan Activity","SNAP","SNAP INC CLASS A","334","","",""
"01/17/2025","Stock Plan Activity","SNAP","SNAP INC CLASS A","287","","",""
"01/17/2025","Stock Plan Activity","SNAP","SNAP INC CLASS A","281","","",""
"01/17/2025","Stock Plan Activity","SNAP","SNAP INC CLASS A","128","","",""
"01/17/2025","Stock Plan Activity","SNAP","SNAP INC CLASS A","117","","",""
"01/17/2025","Stock Plan Activity","SNAP","SNAP INC CLASS A","94","","",""
"01/17/2025","Stock Plan Activity","SNAP","SNAP INC CLASS A","88","","",""
"01/17/2025","Stock Plan Activity","SNAP","SNAP INC CLASS A","84","","",""
"01/17/2025","Stock Plan Activity","SNAP","SNAP INC CLASS A","67","","",""
"01/17/2025","Stock Plan Activity","SNAP","SNAP INC CLASS A","63","","",""
"01/17/2025","Journal","","Gencash transaction for SPS RS Lapse Tool","","","","-$6013.24"
"01/17/2025","Journal","","Gencash transaction for SPS RS Lapse Tool","","","","-$5163.16"
"01/17/2025","Journal","","Gencash transaction for SPS RS Lapse Tool","","","","-$5058.65"
"01/17/2025","Journal","","Gencash transaction for SPS RS Lapse Tool","","","","-$2313.33"
"01/17/2025","Journal","","Gencash transaction for SPS RS Lapse Tool","","","","-$2111.26"
"01/17/2025","Journal","","Gencash transaction for SPS RS Lapse Tool","","","","-$1707.13"
"01/17/2025","Journal","","Gencash transaction for SPS RS Lapse Tool","","","","-$1588.67"
"01/17/2025","Journal","","Gencash transaction for SPS RS Lapse Tool","","","","-$1518.99"
"01/17/2025","Journal","","Gencash transaction for SPS RS Lapse Tool","","","","-$1212.40"
"01/17/2025","Journal","","Gencash transaction for SPS RS Lapse Tool","","","","-$1142.73"
"01/16/2025","Stock Plan Activity","SNAP","SNAP INC CLASS A","529","","",""
"01/16/2025","Sell","SNAP","SNAP INC CLASS A","529","$11.3783","$0.26","$6018.86"
"01/16/2025","Stock Plan Activity","SNAP","SNAP INC CLASS A","454","","",""
"01/16/2025","Sell","SNAP","SNAP INC CLASS A","454","$11.3783","$0.22","$5165.53"
"01/16/2025","Stock Plan Activity","SNAP","SNAP INC CLASS A","445","","",""
"01/16/2025","Sell","SNAP","SNAP INC CLASS A","445","$11.3783","$0.21","$5063.13"
"01/16/2025","Stock Plan Activity","SNAP","SNAP INC CLASS A","204","","",""
"01/16/2025","Sell","SNAP","SNAP INC CLASS A","204","$11.3783","$0.09","$2321.08"
"01/16/2025","Stock Plan Activity","SNAP","SNAP INC CLASS A","151","","",""
"01/16/2025","Sell","SNAP","SNAP INC CLASS A","151","$11.3783","$0.08","$1718.04"
"01/16/2025","Stock Plan Activity","SNAP","SNAP INC CLASS A","107","","",""
"01/16/2025","Sell","SNAP","SNAP INC CLASS A","107","$11.3783","$0.05","$1217.43"
"01/16/2025","Stock Plan Activity","SNAP","SNAP INC CLASS A","186","","",""
"01/16/2025","Sell","SNAP","SNAP INC CLASS A","186","$11.3783","$0.09","$2116.27"
"01/16/2025","Stock Plan Activity","SNAP","SNAP INC CLASS A","140","","",""
"01/16/2025","Sell","SNAP","SNAP INC CLASS A","140","$11.3783","$0.06","$1592.90"
"01/16/2025","Stock Plan Activity","SNAP","SNAP INC CLASS A","134","","",""
"01/16/2025","Sell","SNAP","SNAP INC CLASS A","134","$11.3783","$0.06","$1524.63"
"01/16/2025","Stock Plan Activity","SNAP","SNAP INC CLASS A","101","","",""
"01/16/2025","Sell","SNAP","SNAP INC CLASS A","101","$11.3783","$0.05","$1149.16"
"12/17/2024","Stock Plan Activity","SNAP","SNAP INC CLASS A","402","","",""
"12/17/2024","Stock Plan Activity","SNAP","SNAP INC CLASS A","158","","",""
"12/17/2024","Stock Plan Activity","SNAP","SNAP INC CLASS A","144","","",""
"12/17/2024","Stock Plan Activity","SNAP","SNAP INC CLASS A","116","","",""
"12/17/2024","Stock Plan Activity","SNAP","SNAP INC CLASS A","109","","",""
"12/17/2024","Stock Plan Activity","SNAP","SNAP INC CLASS A","103","","",""
"12/17/2024","Stock Plan Activity","SNAP","SNAP INC CLASS A","83","","",""
"12/17/2024","Stock Plan Activity","SNAP","SNAP INC CLASS A","78","","",""
"12/17/2024","Journal","","Gencash transaction for SPS RS Lapse Tool","","","","-$5007.92"
"12/17/2024","Journal","","Gencash transaction for SPS RS Lapse Tool","","","","-$1976.96"
"12/17/2024","Journal","","Gencash transaction for SPS RS Lapse Tool","","","","-$1798.33"
"12/17/2024","Journal","","Gencash transaction for SPS RS Lapse Tool","","","","-$1452.95"
"12/17/2024","Journal","","Gencash transaction for SPS RS Lapse Tool","","","","-$1357.67"
"12/17/2024","Journal","","Gencash transaction for SPS RS Lapse Tool","","","","-$1292.18"
"12/17/2024","Journal","","Gencash transaction for SPS RS Lapse Tool","","","","-$1042.07"
"12/17/2024","Journal","","Gencash transaction for SPS RS Lapse Tool","","","","-$976.57"
"12/16/2024","Stock Plan Activity","SNAP","SNAP INC CLASS A","174","","",""
"12/16/2024","Sell","SNAP","SNAP INC CLASS A","174","$11.4207","$0.09","$1987.11"
"12/16/2024","Stock Plan Activity","SNAP","SNAP INC CLASS A","128","","",""
"12/16/2024","Sell","SNAP","SNAP INC CLASS A","128","$11.4207","$0.06","$1461.79"
"12/16/2024","Stock Plan Activity","SNAP","SNAP INC CLASS A","92","","",""
"12/16/2024","Sell","SNAP","SNAP INC CLASS A","92","$11.4207","$0.05","$1050.65"
"12/16/2024","Stock Plan Activity","SNAP","SNAP INC CLASS A","158","","",""
"12/16/2024","Sell","SNAP","SNAP INC CLASS A","158","$11.4207","$0.08","$1804.39"
"12/16/2024","Stock Plan Activity","SNAP","SNAP INC CLASS A","119","","",""
"12/16/2024","Sell","SNAP","SNAP INC CLASS A","119","$11.4207","$0.06","$1359.00"
"12/16/2024","Stock Plan Activity","SNAP","SNAP INC CLASS A","114","","",""
"12/16/2024","Sell","SNAP","SNAP INC CLASS A","114","$11.4207","$0.06","$1301.90"
"12/16/2024","Stock Plan Activity","SNAP","SNAP INC CLASS A","86","","",""
"12/16/2024","Sell","SNAP","SNAP INC CLASS A","86","$11.4207","$0.04","$982.14"
"12/16/2024","Stock Plan Activity","SNAP","SNAP INC CLASS A","439","","",""
"12/16/2024","Sell","SNAP","SNAP INC CLASS A","439","$11.4207","$0.21","$5013.48"
"11/27/2024","Credit Interest","","SCHWAB1 INT 10/30-11/26","","","","$0.09"
"11/19/2024","Stock Plan Activity","SNAP","SNAP INC CLASS A","395","","",""
"11/19/2024","Stock Plan Activity","SNAP","SNAP INC CLASS A","155","","",""
"11/19/2024","Stock Plan Activity","SNAP","SNAP INC CLASS A","142","","",""
"11/19/2024","Stock Plan Activity","SNAP","SNAP INC CLASS A","107","","",""
"11/19/2024","Stock Plan Activity","SNAP","SNAP INC CLASS A","102","","",""
"11/19/2024","Stock Plan Activity","SNAP","SNAP INC CLASS A","82","","",""
"11/19/2024","Stock Plan Activity","SNAP","SNAP INC CLASS A","76","","",""
"11/19/2024","Journal","","Gencash transaction for SPS RS Lapse Tool","","","","-$4693.53"
"11/19/2024","Journal","","Gencash transaction for SPS RS Lapse Tool","","","","-$1847.27"
"11/19/2024","Journal","","Gencash transaction for SPS RS Lapse Tool","","","","-$1691.02"
"11/19/2024","Journal","","Gencash transaction for SPS RS Lapse Tool","","","","-$1278.03"
"11/19/2024","Journal","","Gencash transaction for SPS RS Lapse Tool","","","","-$1211.05"
"11/19/2024","Journal","","Gencash transaction for SPS RS Lapse Tool","","","","-$976.67"
"11/19/2024","Journal","","Gencash transaction for SPS RS Lapse Tool","","","","-$909.69"
"11/18/2024","Stock Plan Activity","SNAP","SNAP INC CLASS A","176","","",""
"11/18/2024","Sell","SNAP","SNAP INC CLASS A","176","$10.5462","$0.08","$1856.05"
"11/18/2024","Stock Plan Activity","SNAP","SNAP INC CLASS A","93","","",""
"11/18/2024","Sell","SNAP","SNAP INC CLASS A","93","$10.5462","$0.05","$980.75"
"11/18/2024","Stock Plan Activity","SNAP","SNAP INC CLASS A","161","","",""
"11/18/2024","Sell","SNAP","SNAP INC CLASS A","161","$10.5462","$0.08","$1697.86"
"11/18/2024","Stock Plan Activity","SNAP","SNAP INC CLASS A","122","","",""
"11/18/2024","Sell","SNAP","SNAP INC CLASS A","122","$10.5462","$0.06","$1286.58"
"11/18/2024","Stock Plan Activity","SNAP","SNAP INC CLASS A","115","","",""
"11/18/2024","Sell","SNAP","SNAP INC CLASS A","115","$10.5462","$0.05","$1212.76"
"11/18/2024","Stock Plan Activity","SNAP","SNAP INC CLASS A","87","","",""
"11/18/2024","Sell","SNAP","SNAP INC CLASS A","87","$10.5462","$0.04","$917.48"
"11/18/2024","Stock Plan Activity","SNAP","SNAP INC CLASS A","446","","",""
"11/18/2024","Sell","SNAP","SNAP INC CLASS A","446","$10.5462","$0.20","$4703.41"
"10/30/2024","Credit Interest","","SCHWAB1 INT 09/27-10/29","","","","$0.33"
"10/17/2024","Stock Plan Activity","SNAP","SNAP INC CLASS A","390","","",""
"10/17/2024","Stock Plan Activity","SNAP","SNAP INC CLASS A","354","","",""
"10/17/2024","Stock Plan Activity","SNAP","SNAP INC CLASS A","140","","",""
"10/17/2024","Stock Plan Activity","SNAP","SNAP INC CLASS A","105","","",""
"10/17/2024","Stock Plan Activity","SNAP","SNAP INC CLASS A","100","","",""
"10/17/2024","Stock Plan Activity","SNAP","SNAP INC CLASS A","81","","",""
"10/17/2024","Stock Plan Activity","SNAP","SNAP INC CLASS A","76","","",""
"10/17/2024","Journal","","Gencash transaction for SPS RS Lapse Tool","","","","-$4888.37"
"10/17/2024","Journal","","Gencash transaction for SPS RS Lapse Tool","","","","-$4440.80"
"10/17/2024","Journal","","Gencash transaction for SPS RS Lapse Tool","","","","-$1761.20"
"10/17/2024","Journal","","Gencash transaction for SPS RS Lapse Tool","","","","-$1325.26"
"10/17/2024","Journal","","Gencash transaction for SPS RS Lapse Tool","","","","-$1261.33"
"10/17/2024","Journal","","Gencash transaction for SPS RS Lapse Tool","","","","-$1017.20"
"10/17/2024","Journal","","Gencash transaction for SPS RS Lapse Tool","","","","-$953.26"
"10/16/2024","Stock Plan Activity","SNAP","SNAP INC CLASS A","94","","",""
"10/16/2024","Sell","SNAP","SNAP INC CLASS A","94","$10.8441","$0.05","$1019.30"
"10/16/2024","Stock Plan Activity","SNAP","SNAP INC CLASS A","163","","",""
"10/16/2024","Sell","SNAP","SNAP INC CLASS A","163","$10.8441","$0.08","$1767.51"
"10/16/2024","Stock Plan Activity","SNAP","SNAP INC CLASS A","123","","",""
"10/16/2024","Sell","SNAP","SNAP INC CLASS A","123","$10.8441","$0.06","$1333.76"
"10/16/2024","Stock Plan Activity","SNAP","SNAP INC CLASS A","117","","",""
"10/16/2024","Sell","SNAP","SNAP INC CLASS A","117","$10.8441","$0.06","$1268.70"
"10/16/2024","Stock Plan Activity","SNAP","SNAP INC CLASS A","88","","",""
"10/16/2024","Sell","SNAP","SNAP INC CLASS A","88","$10.8441","$0.04","$954.24"
"10/16/2024","Stock Plan Activity","SNAP","SNAP INC CLASS A","410","","",""
"10/16/2024","Sell","SNAP","SNAP INC CLASS A","410","$10.8441","$0.19","$4445.89"
"10/16/2024","Stock Plan Activity","SNAP","SNAP INC CLASS A","451","","",""
"10/16/2024","Sell","SNAP","SNAP INC CLASS A","451","$10.8441","$0.21","$4890.48"
"09/27/2024","Credit Interest","","SCHWAB1 INT 08/29-09/26","","","","$0.29"
"09/17/2024","Stock Plan Activity","SNAP","SNAP INC CLASS A","378","","",""
"09/17/2024","Stock Plan Activity","SNAP","SNAP INC CLASS A","343","","",""
"09/17/2024","Stock Plan Activity","SNAP","SNAP INC CLASS A","136","","",""
"09/17/2024","Stock Plan Activity","SNAP","SNAP INC CLASS A","102","","",""
"09/17/2024","Stock Plan Activity","SNAP","SNAP INC CLASS A","97","","",""
"09/17/2024","Stock Plan Activity","SNAP","SNAP INC CLASS A","78","","",""
"09/17/2024","Stock Plan Activity","SNAP","SNAP INC CLASS A","73","","",""
"09/17/2024","Journal","","Gencash transaction for SPS RS Lapse Tool","","","","-$4215.33"
"09/17/2024","Journal","","Gencash transaction for SPS RS Lapse Tool","","","","-$3824.36"
"09/17/2024","Journal","","Gencash transaction for SPS RS Lapse Tool","","","","-$1513.71"
"09/17/2024","Journal","","Gencash transaction for SPS RS Lapse Tool","","","","-$1142.80"
"09/17/2024","Journal","","Gencash transaction for SPS RS Lapse Tool","","","","-$1087.66"
"09/17/2024","Journal","","Gencash transaction for SPS RS Lapse Tool","","","","-$872.14"
"09/17/2024","Journal","","Gencash transaction for SPS RS Lapse Tool","","","","-$822.01"
"09/16/2024","Stock Plan Activity","SNAP","SNAP INC CLASS A","96","","",""
"09/16/2024","Sell","SNAP","SNAP INC CLASS A","96","$9.1703","$0.04","$880.31"
"09/16/2024","Stock Plan Activity","SNAP","SNAP INC CLASS A","166","","",""
"09/16/2024","Sell","SNAP","SNAP INC CLASS A","166","$9.1703","$0.07","$1522.20"
"09/16/2024","Stock Plan Activity","SNAP","SNAP INC CLASS A","126","","",""
"09/16/2024","Sell","SNAP","SNAP INC CLASS A","126","$9.1703","$0.05","$1155.41"
"09/16/2024","Stock Plan Activity","SNAP","SNAP INC CLASS A","120","","",""
"09/16/2024","Sell","SNAP","SNAP INC CLASS A","120","$9.1703","$0.05","$1100.39"
"09/16/2024","Stock Plan Activity","SNAP","SNAP INC CLASS A","91","","",""
"09/16/2024","Sell","SNAP","SNAP INC CLASS A","91","$9.1703","$0.04","$834.46"
"09/16/2024","Stock Plan Activity","SNAP","SNAP INC CLASS A","420","","",""
"09/16/2024","Sell","SNAP","SNAP INC CLASS A","420","$9.1703","$0.18","$3851.35"
"09/16/2024","Stock Plan Activity","SNAP","SNAP INC CLASS A","463","","",""
"09/16/2024","Sell","SNAP","SNAP INC CLASS A","463","$9.1703","$0.20","$4245.65"
"08/29/2024","Credit Interest","","SCHWAB1 INT 07/30-08/28","","","","$0.30"
"08/28/2024","Security Transfer","SNAP","SNAP INC CLASS A","-3,500","","",""
"08/19/2024","Stock Plan Activity","SNAP","SNAP INC CLASS A","387","","",""
"08/19/2024","Stock Plan Activity","SNAP","SNAP INC CLASS A","352","","",""
"08/19/2024","Stock Plan Activity","SNAP","SNAP INC CLASS A","139","","",""
"08/19/2024","Stock Plan Activity","SNAP","SNAP INC CLASS A","105","","",""
"08/19/2024","Stock Plan Activity","SNAP","SNAP INC CLASS A","100","","",""
"08/19/2024","Stock Plan Activity","SNAP","SNAP INC CLASS A","75","","",""
"08/19/2024","Journal","","Gencash transaction for SPS RS Lapse Tool","","","","-$4113.02"
"08/19/2024","Journal","","Gencash transaction for SPS RS Lapse Tool","","","","-$3735.98"
"08/19/2024","Journal","","Gencash transaction for SPS RS Lapse Tool","","","","-$1483.62"
"08/19/2024","Journal","","Gencash transaction for SPS RS Lapse Tool","","","","-$1116.39"
"08/19/2024","Journal","","Gencash transaction for SPS RS Lapse Tool","","","","-$1067.43"
"08/19/2024","Journal","","Gencash transaction for SPS RS Lapse Tool","","","","-$803.02"
"08/16/2024","Stock Plan Activity","SNAP","SNAP INC CLASS A","164","","",""
"08/16/2024","Sell","SNAP","SNAP INC CLASS A","164","$9.1323","$0.07","$1497.63"
"08/16/2024","Stock Plan Activity","SNAP","SNAP INC CLASS A","123","","",""
"08/16/2024","Sell","SNAP","SNAP INC CLASS A","123","$9.1323","$0.05","$1123.22"
"08/16/2024","Stock Plan Activity","SNAP","SNAP INC CLASS A","118","","",""
"08/16/2024","Sell","SNAP","SNAP INC CLASS A","118","$9.1323","$0.05","$1077.56"
"08/16/2024","Stock Plan Activity","SNAP","SNAP INC CLASS A","89","","",""
"08/16/2024","Sell","SNAP","SNAP INC CLASS A","89","$9.1323","$0.03","$812.74"
"08/16/2024","Stock Plan Activity","SNAP","SNAP INC CLASS A","411","","",""
"08/16/2024","Sell","SNAP","SNAP INC CLASS A","411","$9.1323","$0.17","$3753.21"
"08/16/2024","Stock Plan Activity","SNAP","SNAP INC CLASS A","453","","",""
"08/16/2024","Sell","SNAP","SNAP INC CLASS A","453","$9.1323","$0.20","$4136.73"
"07/30/2024","Credit Interest","","SCHWAB1 INT 06/27-07/29","","","","$0.33"
"07/17/2024","Stock Plan Activity","SNAP","SNAP INC CLASS A","387","","",""
"07/17/2024","Stock Plan Activity","SNAP","SNAP INC CLASS A","351","","",""
"07/17/2024","Stock Plan Activity","SNAP","SNAP INC CLASS A","139","","",""
"07/17/2024","Stock Plan Activity","SNAP","SNAP INC CLASS A","104","","",""
"07/17/2024","Stock Plan Activity","SNAP","SNAP INC CLASS A","99","","",""
"07/17/2024","Stock Plan Activity","SNAP","SNAP INC CLASS A","75","","",""
"07/17/2024","Journal","","Gencash transaction for SPS RS Lapse Tool","","","","-$7177.57"
"07/17/2024","Journal","","Gencash transaction for SPS RS Lapse Tool","","","","-$6511.87"
"07/17/2024","Journal","","Gencash transaction for SPS RS Lapse Tool","","","","-$2577.44"
"07/17/2024","Journal","","Gencash transaction for SPS RS Lapse Tool","","","","-$1945.88"
"07/17/2024","Journal","","Gencash transaction for SPS RS Lapse Tool","","","","-$1852.00"
"07/17/2024","Journal","","Gencash transaction for SPS RS Lapse Tool","","","","-$1391.14"
"07/16/2024","Stock Plan Activity","SNAP","SNAP INC CLASS A","163","","",""
"07/16/2024","Stock Plan Activity","SNAP","SNAP INC CLASS A","412","","",""
"07/16/2024","Stock Plan Activity","SNAP","SNAP INC CLASS A","454","","",""
"07/16/2024","Stock Plan Activity","SNAP","SNAP INC CLASS A","124","","",""
"07/16/2024","Stock Plan Activity","SNAP","SNAP INC CLASS A","118","","",""
"07/16/2024","Stock Plan Activity","SNAP","SNAP INC CLASS A","88","","",""
"07/16/2024","Sell","SNAP","SNAP INC CLASS A","163","$15.9019","$0.10","$2591.91"
"07/16/2024","Sell","SNAP","SNAP INC CLASS A","412","$15.9019","$0.25","$6551.33"
"07/16/2024","Sell","SNAP","SNAP INC CLASS A","454","$15.9019","$0.28","$7219.18"
"07/16/2024","Sell","SNAP","SNAP INC CLASS A","124","$15.9019","$0.07","$1971.77"
"07/16/2024","Sell","SNAP","SNAP INC CLASS A","118","$15.9019","$0.07","$1876.35"
"07/16/2024","Sell","SNAP","SNAP INC CLASS A","88","$15.9019","$0.05","$1399.32"
"06/27/2024","Credit Interest","","SCHWAB1 INT 05/30-06/26","","","","$0.28"
"06/18/2024","Stock Plan Activity","SNAP","SNAP INC CLASS A","386","","",""
"06/18/2024","Stock Plan Activity","SNAP","SNAP INC CLASS A","350","","",""
"06/18/2024","Stock Plan Activity","SNAP","SNAP INC CLASS A","139","","",""
"06/18/2024","Stock Plan Activity","SNAP","SNAP INC CLASS A","104","","",""
"06/18/2024","Stock Plan Activity","SNAP","SNAP INC CLASS A","99","","",""
"06/18/2024","Stock Plan Activity","SNAP","SNAP INC CLASS A","75","","",""
"06/18/2024","Journal","","Gencash transaction for SPS RS Lapse Tool","","","","-$7021.04"
"06/18/2024","Journal","","Gencash transaction for SPS RS Lapse Tool","","","","-$6369.87"
"06/18/2024","Journal","","Gencash transaction for SPS RS Lapse Tool","","","","-$2529.56"
"06/18/2024","Journal","","Gencash transaction for SPS RS Lapse Tool","","","","-$1903.44"
"06/18/2024","Journal","","Gencash transaction for SPS RS Lapse Tool","","","","-$1811.61"
"06/18/2024","Journal","","Gencash transaction for SPS RS Lapse Tool","","","","-$1369.14"
"06/17/2024","Stock Plan Activity","SNAP","SNAP INC CLASS A","455","","",""
"06/17/2024","Stock Plan Activity","SNAP","SNAP INC CLASS A","164","","",""
"06/17/2024","Sell","SNAP","SNAP INC CLASS A","455","$15.5301","$0.28","$7065.92"
"06/17/2024","Stock Plan Activity","SNAP","SNAP INC CLASS A","124","","",""
"06/17/2024","Stock Plan Activity","SNAP","SNAP INC CLASS A","118","","",""
"06/17/2024","Stock Plan Activity","SNAP","SNAP INC CLASS A","89","","",""
"06/17/2024","Sell","SNAP","SNAP INC CLASS A","164","$15.5301","$0.10","$2546.84"
"06/17/2024","Sell","SNAP","SNAP INC CLASS A","124","$15.5301","$0.07","$1925.66"
"06/17/2024","Sell","SNAP","SNAP INC CLASS A","118","$15.5301","$0.07","$1832.48"
"06/17/2024","Sell","SNAP","SNAP INC CLASS A","89","$15.5301","$0.05","$1382.13"
"06/17/2024","Stock Plan Activity","SNAP","SNAP INC CLASS A","413","","",""
"06/17/2024","Sell","SNAP","SNAP INC CLASS A","413","$15.5301","$0.25","$6413.68"
"05/30/2024","Credit Interest","","SCHWAB1 INT 04/29-05/29","","","","$0.10"
"05/20/2024 as of 05/17/2024","Stock Plan Activity","SNAP","SNAP INC CLASS A","378","","",""
"05/20/2024 as of 05/17/2024","Stock Plan Activity","SNAP","SNAP INC CLASS A","344","","",""
"05/20/2024 as of 05/17/2024","Stock Plan Activity","SNAP","SNAP INC CLASS A","136","","",""
"05/20/2024 as of 05/17/2024","Stock Plan Activity","SNAP","SNAP INC CLASS A","97","","",""
"05/20/2024 as of 05/17/2024","Stock Plan Activity","SNAP","SNAP INC CLASS A","73","","",""
"05/20/2024","Journal","","Gencash transaction for SPS RS Lapse Tool","","","","-$7300.26"
"05/20/2024","Journal","","Gencash transaction for SPS RS Lapse Tool","","","","-$6631.86"
"05/20/2024","Journal","","Gencash transaction for SPS RS Lapse Tool","","","","-$2621.50"
"05/20/2024","Journal","","Gencash transaction for SPS RS Lapse Tool","","","","-$1883.66"
"05/20/2024","Journal","","Gencash transaction for SPS RS Lapse Tool","","","","-$1423.60"
"05/16/2024","Stock Plan Activity","SNAP","SNAP INC CLASS A","463","","",""
"05/16/2024","Sell","SNAP","SNAP INC CLASS A","463","$15.8808","$0.14","$7352.67"
"05/16/2024","Stock Plan Activity","SNAP","SNAP INC CLASS A","166","","",""
"05/16/2024","Sell","SNAP","SNAP INC CLASS A","166","$15.8808","$0.05","$2636.16"
"05/16/2024","Stock Plan Activity","SNAP","SNAP INC CLASS A","120","","",""
"05/16/2024","Sell","SNAP","SNAP INC CLASS A","120","$15.8808","$0.04","$1905.66"
"05/16/2024","Stock Plan Activity","SNAP","SNAP INC CLASS A","91","","",""
"05/16/2024","Sell","SNAP","SNAP INC CLASS A","91","$15.8808","$0.03","$1445.12"
"05/16/2024","Stock Plan Activity","SNAP","SNAP INC CLASS A","420","","",""
"05/16/2024","Sell","SNAP","SNAP INC CLASS A","420","$15.8808","$0.12","$6669.82"
"04/18/2024 as of 04/17/2024","Stock Plan Activity","SNAP","SNAP INC CLASS A","389","","",""
"04/18/2024 as of 04/17/2024","Stock Plan Activity","SNAP","SNAP INC CLASS A","349","","",""
"04/18/2024 as of 04/17/2024","Stock Plan Activity","SNAP","SNAP INC CLASS A","198","","",""
"04/18/2024 as of 04/17/2024","Stock Plan Activity","SNAP","SNAP INC CLASS A","98","","",""
"04/18/2024 as of 04/17/2024","Stock Plan Activity","SNAP","SNAP INC CLASS A","74","","",""
"04/18/2024","Journal","","Gencash transaction for SPS RS Lapse Tool","","","","-$4572.96"
"04/18/2024","Journal","","Gencash transaction for SPS RS Lapse Tool","","","","-$4199.62"
"04/18/2024","Journal","","Gencash transaction for SPS RS Lapse Tool","","","","-$2335.48"
"04/18/2024","Journal","","Gencash transaction for SPS RS Lapse Tool","","","","-$1201.53"
"04/18/2024","Journal","","Gencash transaction for SPS RS Lapse Tool","","","","-$908.08"
"04/16/2024","Stock Plan Activity","SNAP","SNAP INC CLASS A","119","","",""
"04/16/2024","Sell","SNAP","SNAP INC CLASS A","119","$10.2012","$0.03","$1213.91"
"04/16/2024","Stock Plan Activity","SNAP","SNAP INC CLASS A","90","","",""
"04/16/2024","Sell","SNAP","SNAP INC CLASS A","90","$10.2012","$0.02","$918.09"
"04/16/2024","Stock Plan Activity","SNAP","SNAP INC CLASS A","414","","",""
"04/16/2024","Sell","SNAP","SNAP INC CLASS A","414","$10.2012","$0.10","$4223.20"
"04/16/2024","Stock Plan Activity","SNAP","SNAP INC CLASS A","451","","",""
"04/16/2024","Sell","SNAP","SNAP INC CLASS A","451","$10.2012","$0.11","$4600.63"
"04/16/2024","Stock Plan Activity","SNAP","SNAP INC CLASS A","231","","",""
"04/16/2024","Sell","SNAP","SNAP INC CLASS A","231","$10.2012","$0.06","$2356.42"
"03/20/2024 as of 03/19/2024","Stock Plan Activity","SNAP","SNAP INC CLASS A","335","","",""
"03/20/2024 as of 03/19/2024","Stock Plan Activity","SNAP","SNAP INC CLASS A","304","","",""
"03/20/2024 as of 03/19/2024","Stock Plan Activity","SNAP","SNAP INC CLASS A","170","","",""
"03/20/2024 as of 03/19/2024","Stock Plan Activity","SNAP","SNAP INC CLASS A","86","","",""
"03/20/2024 as of 03/19/2024","Stock Plan Activity","SNAP","SNAP INC CLASS A","64","","",""
"03/20/2024","Journal","","Gencash transaction for SPS RS Lapse Tool","","","","-$5538.26"
"03/20/2024","Journal","","Gencash transaction for SPS RS Lapse Tool","","","","-$5024.59"
"03/20/2024","Journal","","Gencash transaction for SPS RS Lapse Tool","","","","-$2811.92"
"03/20/2024","Journal","","Gencash transaction for SPS RS Lapse Tool","","","","-$1429.01"
"03/20/2024","Journal","","Gencash transaction for SPS RS Lapse Tool","","","","-$1073.42"
"03/18/2024","Stock Plan Activity","SNAP","SNAP INC CLASS A","506","","",""
"03/18/2024","Sell","SNAP","SNAP INC CLASS A","506","$11.0046","$0.12","$5568.21"
"03/18/2024","Stock Plan Activity","SNAP","SNAP INC CLASS A","257","","",""
"03/18/2024","Sell","SNAP","SNAP INC CLASS A","257","$11.0046","$0.06","$2828.12"
"03/18/2024","Stock Plan Activity","SNAP","SNAP INC CLASS A","131","","",""
"03/18/2024","Sell","SNAP","SNAP INC CLASS A","131","$11.0046","$0.03","$1441.57"
"03/18/2024","Stock Plan Activity","SNAP","SNAP INC CLASS A","99","","",""
"03/18/2024","Sell","SNAP","SNAP INC CLASS A","99","$11.0046","$0.03","$1089.43"
"03/18/2024","Stock Plan Activity","SNAP","SNAP INC CLASS A","459","","",""
"03/18/2024","Sell","SNAP","SNAP INC CLASS A","459","$11.0046","$0.12","$5050.99"
"02/28/2024","Credit Interest","","SCHWAB1 INT 01/30-02/27","","","","$1.14"
"02/21/2024 as of 02/20/2024","Stock Plan Activity","SNAP","SNAP INC CLASS A","322","","",""
"02/21/2024 as of 02/20/2024","Stock Plan Activity","SNAP","SNAP INC CLASS A","292","","",""
"02/21/2024 as of 02/20/2024","Stock Plan Activity","SNAP","SNAP INC CLASS A","163","","",""
"02/21/2024 as of 02/20/2024","Stock Plan Activity","SNAP","SNAP INC CLASS A","83","","",""
"02/21/2024","Journal","","Gencash transaction for SPS RS Lapse Tool","","","","-$5741.17"
"02/21/2024","Journal","","Gencash transaction for SPS RS Lapse Tool","","","","-$5208.71"
"02/21/2024","Journal","","Gencash transaction for SPS RS Lapse Tool","","","","-$2921.79"
"02/21/2024","Journal","","Gencash transaction for SPS RS Lapse Tool","","","","-$1481.37"
"02/16/2024","Stock Plan Activity","SNAP","SNAP INC CLASS A","134","","",""
"02/16/2024","Sell","SNAP","SNAP INC CLASS A","134","$11.1202","$0.03","$1490.08"
"02/16/2024","Stock Plan Activity","SNAP","SNAP INC CLASS A","471","","",""
"02/16/2024","Sell","SNAP","SNAP INC CLASS A","471","$11.1202","$0.12","$5237.49"
"02/16/2024","Stock Plan Activity","SNAP","SNAP INC CLASS A","519","","",""
"02/16/2024","Sell","SNAP","SNAP INC CLASS A","519","$11.1202","$0.14","$5771.24"
"02/16/2024","Stock Plan Activity","SNAP","SNAP INC CLASS A","265","","",""
"02/16/2024","Sell","SNAP","SNAP INC CLASS A","265","$11.1202","$0.06","$2946.79"
"02/15/2024","MoneyLink Transfer","","Tfr JPMORGAN CHASE BAN, JEFFREY LEE-CHAN","","","","-$30500.00"
"02/08/2024","Sell","SNAP","SNAP INC CLASS A","2,666","$11.3416","$0.68","$30236.03"
"01/18/2024 as of 01/17/2024","Stock Plan Activity","SNAP","SNAP INC CLASS A","323","","",""
"01/18/2024 as of 01/17/2024","Stock Plan Activity","SNAP","SNAP INC CLASS A","293","","",""
"01/18/2024 as of 01/17/2024","Stock Plan Activity","SNAP","SNAP INC CLASS A","164","","",""
"01/18/2024","Journal","","Gencash transaction for SPS RS Lapse Tool","","","","-$8122.00"
"01/18/2024","Journal","","Gencash transaction for SPS RS Lapse Tool","","","","-$7377.48"
"01/18/2024","Journal","","Gencash transaction for SPS RS Lapse Tool","","","","-$4138.35"
"01/16/2024","Stock Plan Activity","SNAP","SNAP INC CLASS A","470","","",""
"01/16/2024","Sell","SNAP","SNAP INC CLASS A","470","$15.7292","$0.14","$7392.58"
"01/16/2024","Stock Plan Activity","SNAP","SNAP INC CLASS A","517","","",""
"01/16/2024","Sell","SNAP","SNAP INC CLASS A","517","$15.7292","$0.16","$8131.84"
"01/16/2024","Stock Plan Activity","SNAP","SNAP INC CLASS A","264","","",""
"01/16/2024","Sell","SNAP","SNAP INC CLASS A","264","$15.7292","$0.07","$4152.44"
"12/20/2023 as of 12/19/2023","Stock Plan Activity","SNAP","SNAP INC CLASS A","751","","",""
"12/20/2023 as of 12/19/2023","Stock Plan Activity","SNAP","SNAP INC CLASS A","368","","",""
"12/20/2023 as of 12/19/2023","Stock Plan Activity","SNAP","SNAP INC CLASS A","206","","",""
"12/20/2023 as of 12/19/2023","Stock Plan Activity","SNAP","SNAP INC CLASS A","160","","",""
"12/20/2023 as of 12/19/2023","Stock Plan Activity","SNAP","SNAP INC CLASS A","92","","",""
"12/20/2023","Journal","","Gencash transaction for SPS RS Lapse Tool","","","","-$13879.25"
"12/20/2023","Journal","","Gencash transaction for SPS RS Lapse Tool","","","","-$6797.09"
"12/20/2023","Journal","","Gencash transaction for SPS RS Lapse Tool","","","","-$3812.79"
"12/20/2023","Journal","","Gencash transaction for SPS RS Lapse Tool","","","","-$2957.58"
"12/20/2023","Journal","","Gencash transaction for SPS RS Lapse Tool","","","","-$1701.51"
"12/18/2023","Stock Plan Activity","SNAP","SNAP INC CLASS A","395","","",""
"12/18/2023","Sell","SNAP","SNAP INC CLASS A","395","$17.2333","$0.11","$6807.04"
"12/18/2023","Stock Plan Activity","SNAP","SNAP INC CLASS A","807","","",""
"12/18/2023","Sell","SNAP","SNAP INC CLASS A","807","$17.2333","$0.23","$13907.04"
"12/18/2023","Stock Plan Activity","SNAP","SNAP INC CLASS A","99","","",""
"12/18/2023","Sell","SNAP","SNAP INC CLASS A","99","$17.2333","$0.02","$1706.08"
"12/18/2023","Stock Plan Activity","SNAP","SNAP INC CLASS A","172","","",""
"12/18/2023","Sell","SNAP","SNAP INC CLASS A","172","$17.2333","$0.04","$2964.09"
"12/18/2023","Stock Plan Activity","SNAP","SNAP INC CLASS A","222","","",""
"12/18/2023","Sell","SNAP","SNAP INC CLASS A","222","$17.2333","$0.06","$3825.73"
"12/07/2023","Security Transfer","SNAP","SNAP INC CLASS A","-2,500","","",""
"12/05/2023","Security Transfer","SNAP","SNAP INC CLASS A","-2,500","","",""
"11/20/2023 as of 11/17/2023","Stock Plan Activity","SNAP","SNAP INC CLASS A","718","","",""
"11/20/2023 as of 11/17/2023","Stock Plan Activity","SNAP","SNAP INC CLASS A","352","","",""
"11/20/2023 as of 11/17/2023","Stock Plan Activity","SNAP","SNAP INC CLASS A","197","","",""
"11/20/2023 as of 11/17/2023","Stock Plan Activity","SNAP","SNAP INC CLASS A","153","","",""
"11/20/2023 as of 11/17/2023","Stock Plan Activity","SNAP","SNAP INC CLASS A","87","","",""
"11/20/2023","Journal","","Gencash transaction for SPS RS Lapse Tool","","","","-$10001.08"
"11/20/2023","Journal","","Gencash transaction for SPS RS Lapse Tool","","","","-$4900.97"
"11/20/2023","Journal","","Gencash transaction for SPS RS Lapse Tool","","","","-$2749.16"
"11/20/2023","Journal","","Gencash transaction for SPS RS Lapse Tool","","","","-$2132.53"
"11/20/2023","Journal","","Gencash transaction for SPS RS Lapse Tool","","","","-$1220.42"
"11/16/2023","Stock Plan Activity","SNAP","SNAP INC CLASS A","411","","",""
"11/16/2023","Stock Plan Activity","SNAP","SNAP INC CLASS A","839","","",""
"11/16/2023","Sell","SNAP","SNAP INC CLASS A","411","$11.9477","$0.10","$4910.40"
"11/16/2023","Stock Plan Activity","SNAP","SNAP INC CLASS A","179","","",""
"11/16/2023","Sell","SNAP","SNAP INC CLASS A","839","$11.9477","$0.20","$10023.92"
"11/16/2023","Sell","SNAP","SNAP INC CLASS A","103","$11.9477","$0.02","$1230.59"
"11/16/2023","Stock Plan Activity","SNAP","SNAP INC CLASS A","103","","",""
"11/16/2023","Sell","SNAP","SNAP INC CLASS A","179","$11.9477","$0.05","$2138.59"
"11/16/2023","Sell","SNAP","SNAP INC CLASS A","231","$11.9477","$0.05","$2759.87"
"11/16/2023","Stock Plan Activity","SNAP","SNAP INC CLASS A","231","","",""
"11/07/2023","Security Transfer","SNAP","SNAP INC CLASS A","-4,980","","",""
"10/18/2023 as of 10/17/2023","Stock Plan Activity","SNAP","SNAP INC CLASS A","804","","",""
"10/18/2023 as of 10/17/2023","Stock Plan Activity","SNAP","SNAP INC CLASS A","221","","",""
"10/18/2023 as of 10/17/2023","Stock Plan Activity","SNAP","SNAP INC CLASS A","171","","",""
"10/18/2023 as of 10/17/2023","Stock Plan Activity","SNAP","SNAP INC CLASS A","98","","",""
"10/18/2023","Journal","","Gencash transaction for SPS RS Lapse Tool","","","","-$7115.51"
"10/18/2023","Journal","","Gencash transaction for SPS RS Lapse Tool","","","","-$1955.97"
"10/18/2023","Journal","","Gencash transaction for SPS RS Lapse Tool","","","","-$1512.68"
"10/18/2023","Journal","","Gencash transaction for SPS RS Lapse Tool","","","","-$872.88"
"10/16/2023","Sell","SNAP","SNAP INC CLASS A","753","$9.4825","$0.17","$7140.15"
"10/16/2023","Stock Plan Activity","SNAP","SNAP INC CLASS A","753","","",""
"10/16/2023","Stock Plan Activity","SNAP","SNAP INC CLASS A","93","","",""
"10/16/2023","Stock Plan Activity","SNAP","SNAP INC CLASS A","160","","",""
"10/16/2023","Sell","SNAP","SNAP INC CLASS A","160","$9.4825","$0.03","$1517.17"
"10/16/2023","Stock Plan Activity","SNAP","SNAP INC CLASS A","207","","",""
"10/16/2023","Sell","SNAP","SNAP INC CLASS A","93","$9.4825","$0.02","$881.85"
"10/16/2023","Sell","SNAP","SNAP INC CLASS A","207","$9.4825","$0.05","$1962.83"
"09/28/2023","Credit Interest","","SCHWAB1 INT 08/30-09/27","","","","$1.50"
"09/20/2023 as of 09/19/2023","Stock Plan Activity","SNAP","SNAP INC CLASS A","712","","",""
"09/20/2023 as of 09/19/2023","Stock Plan Activity","SNAP","SNAP INC CLASS A","195","","",""
"09/20/2023 as of 09/19/2023","Stock Plan Activity","SNAP","SNAP INC CLASS A","151","","",""
"09/20/2023 as of 09/19/2023","Stock Plan Activity","SNAP","SNAP INC CLASS A","91","","",""
"09/20/2023 as of 09/19/2023","Stock Plan Activity","SNAP","SNAP INC CLASS A","86","","",""
"09/20/2023","Journal","","Gencash transaction for SPS RS Lapse Tool","","","","-$7509.00"
"09/20/2023","Journal","","Gencash transaction for SPS RS Lapse Tool","","","","-$2059.31"
"09/20/2023","Journal","","Gencash transaction for SPS RS Lapse Tool","","","","-$1601.15"
"09/20/2023","Journal","","Gencash transaction for SPS RS Lapse Tool","","","","-$969.37"
"09/20/2023","Journal","","Gencash transaction for SPS RS Lapse Tool","","","","-$916.32"
"09/18/2023","Sell","SNAP","SNAP INC CLASS A","845","$8.911","$0.18","$7529.62"
"09/18/2023","Stock Plan Activity","SNAP","SNAP INC CLASS A","845","","",""
"09/18/2023","Sell","SNAP","SNAP INC CLASS A","104","$8.911","$0.03","$926.71"
"09/18/2023","Stock Plan Activity","SNAP","SNAP INC CLASS A","104","","",""
"09/18/2023","Sell","SNAP","SNAP INC CLASS A","181","$8.911","$0.04","$1612.85"
"09/18/2023","Stock Plan Activity","SNAP","SNAP INC CLASS A","181","","",""
"09/18/2023","Sell","SNAP","SNAP INC CLASS A","232","$8.911","$0.05","$2067.30"
"09/18/2023","Stock Plan Activity","SNAP","SNAP INC CLASS A","232","","",""
"09/18/2023","Sell","SNAP","SNAP INC CLASS A","110","$8.911","$0.03","$980.18"
"09/18/2023","Stock Plan Activity","SNAP","SNAP INC CLASS A","110","","",""
"09/11/2023","MoneyLink Transfer","","Tfr JPMORGAN CHASE BAN, JEFFREY LEE-CHAN","","","","-$20500.00"
"08/31/2023","Sell","SNAP","SNAP INC CLASS A","2,000","$10.19","$0.43","$20379.57"
"08/18/2023 as of 08/17/2023","Stock Plan Activity","SNAP","SNAP INC CLASS A","714","","",""
"08/18/2023 as of 08/17/2023","Stock Plan Activity","SNAP","SNAP INC CLASS A","196","","",""
"08/18/2023 as of 08/17/2023","Stock Plan Activity","SNAP","SNAP INC CLASS A","151","","",""
"08/18/2023 as of 08/17/2023","Stock Plan Activity","SNAP","SNAP INC CLASS A","92","","",""
"08/18/2023 as of 08/17/2023","Stock Plan Activity","SNAP","SNAP INC CLASS A","87","","",""
"08/18/2023","Journal","","Gencash transaction for SPS RS Lapse Tool","","","","-$7836.90"
"08/18/2023","Journal","","Gencash transaction for SPS RS Lapse Tool","","","","-$2154.27"
"08/18/2023","Journal","","Gencash transaction for SPS RS Lapse Tool","","","","-$1666.03"
"08/18/2023","Journal","","Gencash transaction for SPS RS Lapse Tool","","","","-$1011.70"
"08/18/2023","Journal","","Gencash transaction for SPS RS Lapse Tool","","","","-$961.37"
"08/16/2023","Sell","SNAP","SNAP INC CLASS A","843","$9.3179","$0.18","$7854.81"
"08/16/2023","Stock Plan Activity","SNAP","SNAP INC CLASS A","843","","",""
"08/16/2023","Sell","SNAP","SNAP INC CLASS A","104","$9.3179","$0.03","$969.03"
"08/16/2023","Stock Plan Activity","SNAP","SNAP INC CLASS A","104","","",""
"08/16/2023","Sell","SNAP","SNAP INC CLASS A","180","$9.3179","$0.04","$1677.18"
"08/16/2023","Stock Plan Activity","SNAP","SNAP INC CLASS A","180","","",""
"08/16/2023","Sell","SNAP","SNAP INC CLASS A","232","$9.3179","$0.05","$2161.70"
"08/16/2023","Stock Plan Activity","SNAP","SNAP INC CLASS A","232","","",""
"08/16/2023","Sell","SNAP","SNAP INC CLASS A","109","$9.3179","$0.03","$1015.62"
"08/16/2023","Stock Plan Activity","SNAP","SNAP INC CLASS A","109","","",""
"07/19/2023 as of 07/18/2023","Stock Plan Activity","SNAP","SNAP INC CLASS A","733","","",""
"07/19/2023 as of 07/18/2023","Stock Plan Activity","SNAP","SNAP INC CLASS A","201","","",""
"07/19/2023 as of 07/18/2023","Stock Plan Activity","SNAP","SNAP INC CLASS A","156","","",""
"07/19/2023 as of 07/18/2023","Stock Plan Activity","SNAP","SNAP INC CLASS A","94","","",""
"07/19/2023 as of 07/18/2023","Stock Plan Activity","SNAP","SNAP INC CLASS A","89","","",""
"07/19/2023","Journal","","Gencash transaction for SPS RS Lapse Tool","","","","-$10786.77"
"07/19/2023","Journal","","Gencash transaction for SPS RS Lapse Tool","","","","-$2963.24"
"07/19/2023","Journal","","Gencash transaction for SPS RS Lapse Tool","","","","-$2298.59"
"07/19/2023","Journal","","Gencash transaction for SPS RS Lapse Tool","","","","-$1384.70"
"07/19/2023","Journal","","Gencash transaction for SPS RS Lapse Tool","","","","-$1315.47"
"07/17/2023","Sell","SNAP","SNAP INC CLASS A","825","$13.11","$0.21","$10815.54"
"07/17/2023","Stock Plan Activity","SNAP","SNAP INC CLASS A","825","","",""
"07/17/2023","Sell","SNAP","SNAP INC CLASS A","101","$13.11","$0.02","$1324.09"
"07/17/2023","Stock Plan Activity","SNAP","SNAP INC CLASS A","101","","",""
"07/17/2023","Sell","SNAP","SNAP INC CLASS A","176","$13.11","$0.05","$2307.31"
"07/17/2023","Sell","SNAP","SNAP INC CLASS A","227","$13.11","$0.05","$2975.92"
"07/17/2023","Stock Plan Activity","SNAP","SNAP INC CLASS A","176","","",""
"07/17/2023","Stock Plan Activity","SNAP","SNAP INC CLASS A","227","","",""
"07/17/2023","Sell","SNAP","SNAP INC CLASS A","106","$13.11","$0.03","$1389.63"
"07/17/2023","Stock Plan Activity","SNAP","SNAP INC CLASS A","106","","",""
"06/29/2023","Credit Interest","","SCHWAB1 INT 05/30-06/28","","","","$6.75"
"06/26/2023","MoneyLink Transfer","","Tfr JPMORGAN CHASE BAN, JEFFREY LEE-CHAN","","","","-$19900.00"
"06/21/2023 as of 06/20/2023","Stock Plan Activity","SNAP","SNAP INC CLASS A","723","","",""
"06/21/2023 as of 06/20/2023","Stock Plan Activity","SNAP","SNAP INC CLASS A","198","","",""
"06/21/2023 as of 06/20/2023","Stock Plan Activity","SNAP","SNAP INC CLASS A","154","","",""
"06/21/2023 as of 06/20/2023","Stock Plan Activity","SNAP","SNAP INC CLASS A","93","","",""
"06/21/2023 as of 06/20/2023","Stock Plan Activity","SNAP","SNAP INC CLASS A","88","","",""
"06/21/2023","Journal","","Gencash transaction for SPS RS Lapse Tool","","","","-$8738.65"
"06/21/2023","Journal","","Gencash transaction for SPS RS Lapse Tool","","","","-$2402.15"
"06/21/2023","Journal","","Gencash transaction for SPS RS Lapse Tool","","","","-$1863.34"
"06/21/2023","Journal","","Gencash transaction for SPS RS Lapse Tool","","","","-$1128.10"
"06/21/2023","Journal","","Gencash transaction for SPS RS Lapse Tool","","","","-$1066.38"
"06/16/2023","Sell","SNAP","SNAP INC CLASS A","102","$10.5011","$0.02","$1071.09"
"06/16/2023","Stock Plan Activity","SNAP","SNAP INC CLASS A","102","","",""
"06/16/2023","Sell","SNAP","SNAP INC CLASS A","178","$10.5011","$0.04","$1869.16"
"06/16/2023","Stock Plan Activity","SNAP","SNAP INC CLASS A","178","","",""
"06/16/2023","Sell","SNAP","SNAP INC CLASS A","230","$10.5011","$0.05","$2415.20"
"06/16/2023","Stock Plan Activity","SNAP","SNAP INC CLASS A","230","","",""
"06/16/2023","Sell","SNAP","SNAP INC CLASS A","834","$10.5011","$0.19","$8757.73"
"06/16/2023","Stock Plan Activity","SNAP","SNAP INC CLASS A","834","","",""
"06/16/2023","Sell","SNAP","SNAP INC CLASS A","108","$10.5011","$0.03","$1134.09"
"06/16/2023","Stock Plan Activity","SNAP","SNAP INC CLASS A","108","","",""
"05/30/2023","Credit Interest","","SCHWAB1 INT 04/27-05/29","","","","$1.56"
"05/25/2023","Sell","SNAP","SNAP INC CLASS A","2,001","$9.94","$0.45","$19889.49"
"05/22/2023","MoneyLink Transfer","","Tfr JPMORGAN CHASE BAN, JEFFREY LEE-CHAN","","","","-$5500.00"
"05/18/2023 as of 05/17/2023","Stock Plan Activity","SNAP","SNAP INC CLASS A","721","","",""
"05/18/2023 as of 05/17/2023","Stock Plan Activity","SNAP","SNAP INC CLASS A","198","","",""
"05/18/2023 as of 05/17/2023","Stock Plan Activity","SNAP","SNAP INC CLASS A","153","","",""
"05/18/2023 as of 05/17/2023","Stock Plan Activity","SNAP","SNAP INC CLASS A","93","","",""
"05/18/2023 as of 05/17/2023","Stock Plan Activity","SNAP","SNAP INC CLASS A","88","","",""
"05/18/2023","Journal","","Gencash transaction for SPS RS Lapse Tool","","","","-$7131.91"
"05/18/2023","Journal","","Gencash transaction for SPS RS Lapse Tool","","","","-$1960.47"
"05/18/2023","Journal","","Gencash transaction for SPS RS Lapse Tool","","","","-$1516.17"
"05/18/2023","Journal","","Gencash transaction for SPS RS Lapse Tool","","","","-$920.70"
"05/18/2023","Journal","","Gencash transaction for SPS RS Lapse Tool","","","","-$874.89"
"05/17/2023","Sell","SNAP","SNAP INC CLASS A","627","$8.74","$12.67","$5467.31"
"05/16/2023","Sell","SNAP","SNAP INC CLASS A","836","$8.552","$0.18","$7149.29"
"05/16/2023","Stock Plan Activity","SNAP","SNAP INC CLASS A","836","","",""
"05/16/2023","Stock Plan Activity","SNAP","SNAP INC CLASS A","103","","",""
"05/16/2023","Sell","SNAP","SNAP INC CLASS A","103","$8.552","$0.02","$880.84"
"05/16/2023","Sell","SNAP","SNAP INC CLASS A","178","$8.552","$0.04","$1522.22"
"05/16/2023","Stock Plan Activity","SNAP","SNAP INC CLASS A","178","","",""
"05/16/2023","Sell","SNAP","SNAP INC CLASS A","230","$8.552","$0.05","$1966.91"
"05/16/2023","Stock Plan Activity","SNAP","SNAP INC CLASS A","230","","",""
"05/16/2023","Sell","SNAP","SNAP INC CLASS A","108","$8.552","$0.03","$923.59"
"05/16/2023","Stock Plan Activity","SNAP","SNAP INC CLASS A","108","","",""
"05/12/2023","MoneyLink Transfer","","Tfr JPMorgan Chase Ban, JEFFREY LEE-CHAN","","","","-$7000.00"
"04/27/2023","Credit Interest","","SCHWAB1 INT 03/30-04/26","","","","$0.54"
"04/19/2023","Sell","SNAP","SNAP INC CLASS A","638","$10.85","$12.90","$6909.40"
"04/19/2023 as of 04/18/2023","Stock Plan Activity","SNAP","SNAP INC CLASS A","735","","",""
"04/19/2023 as of 04/18/2023","Stock Plan Activity","SNAP","SNAP INC CLASS A","202","","",""
"04/19/2023 as of 04/18/2023","Stock Plan Activity","SNAP","SNAP INC CLASS A","156","","",""
"04/19/2023 as of 04/18/2023","Stock Plan Activity","SNAP","SNAP INC CLASS A","94","","",""
"04/19/2023 as of 04/18/2023","Stock Plan Activity","SNAP","SNAP INC CLASS A","89","","",""
"04/19/2023","Journal","","Gencash transaction for SPS RS Lapse Tool","","","","-$8763.24"
"04/19/2023","Journal","","Gencash transaction for SPS RS Lapse Tool","","","","-$2408.91"
"04/19/2023","Journal","","Gencash transaction for SPS RS Lapse Tool","","","","-$1868.59"
"04/19/2023","Journal","","Gencash transaction for SPS RS Lapse Tool","","","","-$1125.65"
"04/19/2023","Journal","","Gencash transaction for SPS RS Lapse Tool","","","","-$1069.38"
"04/17/2023","Sell","SNAP","SNAP INC CLASS A","822","$10.6827","$0.19","$8780.99"
"04/17/2023","Stock Plan Activity","SNAP","SNAP INC CLASS A","822","","",""
"04/17/2023","Sell","SNAP","SNAP INC CLASS A","101","$10.6827","$0.02","$1078.93"
"04/17/2023","Stock Plan Activity","SNAP","SNAP INC CLASS A","101","","",""
"04/17/2023","Sell","SNAP","SNAP INC CLASS A","176","$10.6827","$0.05","$1880.11"
"04/17/2023","Stock Plan Activity","SNAP","SNAP INC CLASS A","176","","",""
"04/17/2023","Sell","SNAP","SNAP INC CLASS A","226","$10.6827","$0.05","$2414.24"
"04/17/2023","Stock Plan Activity","SNAP","SNAP INC CLASS A","226","","",""
"04/17/2023","Sell","SNAP","SNAP INC CLASS A","106","$10.6827","$0.03","$1132.34"
"04/17/2023","Stock Plan Activity","SNAP","SNAP INC CLASS A","106","","",""
"03/30/2023","Credit Interest","","SCHWAB1 INT 02/27-03/29","","","","$0.54"
"03/27/2023","MoneyLink Transfer","","Tfr JPMORGAN CHASE BAN, JEFFREY LEE-CHAN","","","","-$7500.00"
"03/20/2023 as of 03/17/2023","Stock Plan Activity","SNAP","SNAP INC CLASS A","793","","",""
"03/20/2023 as of 03/17/2023","Stock Plan Activity","SNAP","SNAP INC CLASS A","213","","",""
"03/20/2023 as of 03/17/2023","Stock Plan Activity","SNAP","SNAP INC CLASS A","167","","",""
"03/20/2023 as of 03/17/2023","Stock Plan Activity","SNAP","SNAP INC CLASS A","100","","",""
"03/20/2023 as of 03/17/2023","Stock Plan Activity","SNAP","SNAP INC CLASS A","97","","",""
"03/20/2023","Journal","","Gencash transaction for SPS RS Lapse Tool","","","","-$8331.43"
"03/20/2023","Journal","","Gencash transaction for SPS RS Lapse Tool","","","","-$2329.01"
"03/20/2023","Journal","","Gencash transaction for SPS RS Lapse Tool","","","","-$1783.76"
"03/20/2023","Journal","","Gencash transaction for SPS RS Lapse Tool","","","","-$1096.33"
"03/20/2023","Journal","","Gencash transaction for SPS RS Lapse Tool","","","","-$1022.04"
"03/17/2023","Sell","SNAP","SNAP INC CLASS A","685","$10.87","$13.86","$7432.09"
"03/16/2023","Sell","SNAP","SNAP INC CLASS A","764","$10.9357","$0.18","$8354.69"
"03/16/2023","Stock Plan Activity","SNAP","SNAP INC CLASS A","764","","",""
"03/16/2023","Sell","SNAP","SNAP INC CLASS A","94","$10.9357","$0.02","$1027.94"
"03/16/2023","Stock Plan Activity","SNAP","SNAP INC CLASS A","94","","",""
"03/16/2023","Sell","SNAP","SNAP INC CLASS A","164","$10.9357","$0.03","$1793.42"
"03/16/2023","Stock Plan Activity","SNAP","SNAP INC CLASS A","164","","",""
"03/16/2023","Sell","SNAP","SNAP INC CLASS A","214","$10.9357","$0.05","$2340.19"
"03/16/2023","Sell","SNAP","SNAP INC CLASS A","101","$10.9357","$0.02","$1104.49"
"03/16/2023","Stock Plan Activity","SNAP","SNAP INC CLASS A","214","","",""
"03/16/2023","Stock Plan Activity","SNAP","SNAP INC CLASS A","101","","",""
"02/27/2023","Credit Interest","","SCHWAB1 INT 01/30-02/26","","","","$9.24"
"02/23/2023","MoneyLink Transfer","","Tfr JPMORGAN CHASE BAN, JEFFREY LEE-CHAN","","","","-$49000.00"
"02/21/2023 as of 02/17/2023","Stock Plan Activity","SNAP","SNAP INC CLASS A","610","","",""
"02/21/2023 as of 02/17/2023","Stock Plan Activity","SNAP","SNAP INC CLASS A","167","","",""
"02/21/2023 as of 02/17/2023","Stock Plan Activity","SNAP","SNAP INC CLASS A","130","","",""
"02/21/2023 as of 02/17/2023","Stock Plan Activity","SNAP","SNAP INC CLASS A","78","","",""
"02/21/2023 as of 02/17/2023","Stock Plan Activity","SNAP","SNAP INC CLASS A","74","","",""
"02/21/2023","Journal","","Gencash transaction for SPS RS Lapse Tool","","","","-$10335.00"
"02/21/2023","Journal","","Gencash transaction for SPS RS Lapse Tool","","","","-$2840.96"
"02/21/2023","Journal","","Gencash transaction for SPS RS Lapse Tool","","","","-$2203.75"
"02/21/2023","Journal","","Gencash transaction for SPS RS Lapse Tool","","","","-$1327.55"
"02/21/2023","Journal","","Gencash transaction for SPS RS Lapse Tool","","","","-$1261.17"
"02/17/2023","Sell","SNAP","SNAP INC CLASS A","212","$10.54","$4.29","$2230.19"
"02/17/2023","Sell","SNAP","SNAP INC CLASS A","318","$10.54","$6.44","$3345.28"
"02/16/2023","Sell","SNAP","SNAP INC CLASS A","947","$10.9371","$0.24","$10357.19"
"02/16/2023","Stock Plan Activity","SNAP","SNAP INC CLASS A","947","","",""
"02/16/2023","Sell","SNAP","SNAP INC CLASS A","116","$10.9371","$0.03","$1268.67"
"02/16/2023","Stock Plan Activity","SNAP","SNAP INC CLASS A","116","","",""
"02/16/2023","Sell","SNAP","SNAP INC CLASS A","202","$10.9371","$0.05","$2209.24"
"02/16/2023","Stock Plan Activity","SNAP","SNAP INC CLASS A","202","","",""
"02/16/2023","Sell","SNAP","SNAP INC CLASS A","261","$10.9371","$0.07","$2854.51"
"02/16/2023","Stock Plan Activity","SNAP","SNAP INC CLASS A","261","","",""
"02/16/2023","Sell","SNAP","SNAP INC CLASS A","122","$10.9371","$0.03","$1334.30"
"02/16/2023","Stock Plan Activity","SNAP","SNAP INC CLASS A","122","","",""
"02/02/2023","Sell","SNAP","SNAP INC CLASS A","4,007","$10.81","$81.13","$43234.54"
"01/19/2023","Journal","","Gencash transaction for SPS RS Lapse Tool","","","","-$21906.76"
"01/19/2023","Journal","","Gencash transaction for SPS RS Lapse Tool","","","","-$8994.94"
"01/19/2023","Journal","","Gencash transaction for SPS RS Lapse Tool","","","","-$5257.16"
"01/19/2023","Journal","","Gencash transaction for SPS RS Lapse Tool","","","","-$2472.60"
"01/19/2023","Journal","","Gencash transaction for SPS RS Lapse Tool","","","","-$1912.24"
"01/19/2023","Journal","","Gencash transaction for SPS RS Lapse Tool","","","","-$1161.20"
"01/19/2023","Journal","","Gencash transaction for SPS RS Lapse Tool","","","","-$1097.65"
"01/19/2023 as of 01/18/2023","Stock Plan Activity","SNAP","SNAP INC CLASS A","1,471","","",""
"01/19/2023 as of 01/18/2023","Stock Plan Activity","SNAP","SNAP INC CLASS A","604","","",""
"01/19/2023 as of 01/18/2023","Stock Plan Activity","SNAP","SNAP INC CLASS A","353","","",""
"01/19/2023 as of 01/18/2023","Stock Plan Activity","SNAP","SNAP INC CLASS A","166","","",""
"01/19/2023 as of 01/18/2023","Stock Plan Activity","SNAP","SNAP INC CLASS A","128","","",""
"01/19/2023 as of 01/18/2023","Stock Plan Activity","SNAP","SNAP INC CLASS A","78","","",""
"01/19/2023 as of 01/18/2023","Stock Plan Activity","SNAP","SNAP INC CLASS A","73","","",""
"01/17/2023","Sell","SNAP","SNAP INC CLASS A","953","$9.4623","$0.21","$9017.36"
"01/17/2023","Sell","SNAP","SNAP INC CLASS A","117","$9.4623","$0.03","$1107.06"
"01/17/2023","Stock Plan Activity","SNAP","SNAP INC CLASS A","953","","",""
"01/17/2023","Stock Plan Activity","SNAP","SNAP INC CLASS A","117","","",""
"01/17/2023","Sell","SNAP","SNAP INC CLASS A","203","$9.4623","$0.04","$1920.81"
"01/17/2023","Sell","SNAP","SNAP INC CLASS A","262","$9.4623","$0.06","$2479.06"
"01/17/2023","Stock Plan Activity","SNAP","SNAP INC CLASS A","203","","",""
"01/17/2023","Stock Plan Activity","SNAP","SNAP INC CLASS A","262","","",""
"01/17/2023","Sell","SNAP","SNAP INC CLASS A","123","$9.4623","$0.03","$1163.83"
"01/17/2023","Sell","SNAP","SNAP INC CLASS A","557","$9.4623","$0.12","$5270.38"
"01/17/2023","Stock Plan Activity","SNAP","SNAP INC CLASS A","123","","",""
"01/17/2023","Stock Plan Activity","SNAP","SNAP INC CLASS A","557","","",""
"01/17/2023","Sell","SNAP","SNAP INC CLASS A","2,321","$9.4623","$0.50","$21961.50"
"01/17/2023","Stock Plan Activity","SNAP","SNAP INC CLASS A","2,321","","",""
"12/20/2022 as of 12/19/2022","Stock Plan Activity","SNAP","SNAP INC CLASS A","1,736","","",""
"12/20/2022 as of 12/19/2022","Stock Plan Activity","SNAP","SNAP INC CLASS A","417","","",""
"12/20/2022 as of 12/19/2022","Stock Plan Activity","SNAP","SNAP INC CLASS A","196","","",""
"12/20/2022 as of 12/19/2022","Stock Plan Activity","SNAP","SNAP INC CLASS A","91","","",""
"12/20/2022","Journal","","Gencash transaction for SPS RS Lapse Tool","","","","-$17470.79"
"12/20/2022","Journal","","Gencash transaction for SPS RS Lapse Tool","","","","-$4197.04"
"12/20/2022","Journal","","Gencash transaction for SPS RS Lapse Tool","","","","-$1973.98"
"12/20/2022","Journal","","Gencash transaction for SPS RS Lapse Tool","","","","-$922.43"
"12/16/2022","Sell","SNAP","SNAP INC CLASS A","493","$8.535","$0.10","$4207.66"
"12/16/2022","Stock Plan Activity","SNAP","SNAP INC CLASS A","493","","",""
"12/16/2022","Sell","SNAP","SNAP INC CLASS A","2,052","$8.535","$0.40","$17513.42"
"12/16/2022","Stock Plan Activity","SNAP","SNAP INC CLASS A","2,052","","",""
"12/16/2022","Sell","SNAP","SNAP INC CLASS A","232","$8.535","$0.05","$1980.07"
"12/16/2022","Stock Plan Activity","SNAP","SNAP INC CLASS A","232","","",""
"12/16/2022","Sell","SNAP","SNAP INC CLASS A","109","$8.535","$0.02","$930.30"
"12/16/2022","Stock Plan Activity","SNAP","SNAP INC CLASS A","109","","",""
"11/29/2022","Credit Interest","","SCHWAB1 INT 10/28-11/28","","","","$1.82"
"11/21/2022","MoneyLink Transfer","","Tfr JPMORGAN CHASE BAN, JEFFREY LEE-CHAN","","","","-$12498.00"
"11/18/2022 as of 11/17/2022","Stock Plan Activity","SNAP","SNAP INC CLASS A","1,699","","",""
"11/18/2022 as of 11/17/2022","Stock Plan Activity","SNAP","SNAP INC CLASS A","407","","",""
"11/18/2022 as of 11/17/2022","Stock Plan Activity","SNAP","SNAP INC CLASS A","313","","",""
"11/18/2022 as of 11/17/2022","Stock Plan Activity","SNAP","SNAP INC CLASS A","192","","",""
"11/18/2022 as of 11/17/2022","Stock Plan Activity","SNAP","SNAP INC CLASS A","90","","",""
"11/18/2022","Journal","","Gencash transaction for SPS RS Lapse Tool","","","","-$23493.82"
"11/18/2022","Journal","","Gencash transaction for SPS RS Lapse Tool","","","","-$5637.78"
"11/18/2022","Journal","","Gencash transaction for SPS RS Lapse Tool","","","","-$4329.11"
"11/18/2022","Journal","","Gencash transaction for SPS RS Lapse Tool","","","","-$2654.53"
"11/18/2022","Journal","","Gencash transaction for SPS RS Lapse Tool","","","","-$1246.63"
"11/16/2022","Sell","SNAP","SNAP INC CLASS A","236","$11.2704","$0.06","$2659.75"
"11/16/2022","Stock Plan Activity","SNAP","SNAP INC CLASS A","236","","",""
"11/16/2022","Sell","SNAP","SNAP INC CLASS A","111","$11.2704","$0.03","$1250.98"
"11/16/2022","Stock Plan Activity","SNAP","SNAP INC CLASS A","111","","",""
"11/16/2022","Sell","SNAP","SNAP INC CLASS A","502","$11.2704","$0.13","$5657.61"
"11/16/2022","Stock Plan Activity","SNAP","SNAP INC CLASS A","502","","",""
"11/16/2022","Sell","SNAP","SNAP INC CLASS A","2,089","$11.2704","$0.54","$23543.33"
"11/16/2022","Stock Plan Activity","SNAP","SNAP INC CLASS A","2,089","","",""
"11/16/2022","Sell","SNAP","SNAP INC CLASS A","385","$11.2704","$0.10","$4339.00"
"11/16/2022","Stock Plan Activity","SNAP","SNAP INC CLASS A","385","","",""
"11/04/2022","Sell","SNAP","SNAP INC CLASS A","1,354","$9.165","$0.28","$12409.13"
"10/21/2022","MoneyLink Transfer","","Tfr JPMORGAN CHASE BAN, JEFFREY LEE-CHAN","","","","-$14824.00"
"10/19/2022","Sell","SNAP","SNAP INC CLASS A","1,355","$10.90","$27.44","$14742.06"
"10/19/2022 as of 10/18/2022","Stock Plan Activity","SNAP","SNAP INC CLASS A","1,928","","",""
"10/19/2022 as of 10/18/2022","Stock Plan Activity","SNAP","SNAP INC CLASS A","462","","",""
"10/19/2022 as of 10/18/2022","Stock Plan Activity","SNAP","SNAP INC CLASS A","217","","",""
"10/19/2022 as of 10/18/2022","Stock Plan Activity","SNAP","SNAP INC CLASS A","102","","",""
"10/19/2022","Journal","","Gencash transaction for SPS RS Lapse Tool","","","","-$19929.14"
"10/19/2022","Journal","","Gencash transaction for SPS RS Lapse Tool","","","","-$4781.10"
"10/19/2022","Journal","","Gencash transaction for SPS RS Lapse Tool","","","","-$2251.17"
"10/19/2022","Journal","","Gencash transaction for SPS RS Lapse Tool","","","","-$1057.21"
"10/17/2022","Security Transfer","SNAP","SNAP INC CLASS A","-38,492","","",""
"10/17/2022","Security Transfer","","ACAT TOA TO ...252","","","","-$0.61"
"10/17/2022","Sell","SNAP","SNAP INC CLASS A","211","$10.734","$0.05","$2264.82"
"10/17/2022","Stock Plan Activity","SNAP","SNAP INC CLASS A","211","","",""
"10/17/2022","Sell","SNAP","SNAP INC CLASS A","1,861","$10.734","$0.46","$19975.51"
"10/17/2022","Stock Plan Activity","SNAP","SNAP INC CLASS A","1,861","","",""
"10/17/2022","Sell","SNAP","SNAP INC CLASS A","99","$10.734","$0.02","$1062.65"
"10/17/2022","Stock Plan Activity","SNAP","SNAP INC CLASS A","99","","",""
"10/17/2022","Sell","SNAP","SNAP INC CLASS A","447","$10.734","$0.11","$4797.99"
"10/17/2022","Stock Plan Activity","SNAP","SNAP INC CLASS A","447","","",""
"10/17/2022 as of 10/15/2022","Bank Interest","","BANK INT ...522 SCHWAB BANK","","","","$0.37"
"09/23/2022","MoneyLink Transfer","","Tfr JPMORGAN CHASE BAN, JEFFREY LEE-CHAN","","","","-$13432.00"
"09/20/2022 as of 09/19/2022","Stock Plan Activity","SNAP","SNAP INC CLASS A","1,700","","",""
"09/20/2022 as of 09/19/2022","Stock Plan Activity","SNAP","SNAP INC CLASS A","408","","",""
"09/20/2022 as of 09/19/2022","Stock Plan Activity","SNAP","SNAP INC CLASS A","191","","",""
"09/20/2022 as of 09/19/2022","Stock Plan Activity","SNAP","SNAP INC CLASS A","89","","",""
"09/20/2022","Journal","","Gencash transaction for SPS RS Lapse Tool","","","","-$23733.14"
"09/20/2022","Journal","","Gencash transaction for SPS RS Lapse Tool","","","","-$5695.20"
"09/20/2022","Journal","","Gencash transaction for SPS RS Lapse Tool","","","","-$2675.30"
"09/20/2022","Journal","","Gencash transaction for SPS RS Lapse Tool","","","","-$1253.07"
"09/19/2022","Sell","SNAP","SNAP INC CLASS A","48","$11.20","$0.97","$536.63"
"09/19/2022","Sell","SNAP","SNAP INC CLASS A","1,000","$11.20","$20.26","$11179.74"
"09/19/2022","Sell","SNAP","SNAP INC CLASS A","86","$11.20","$1.74","$961.46"
"09/19/2022","Sell","SNAP","SNAP INC CLASS A","60","$11.20","$1.22","$670.78"
"09/16/2022","Sell","SNAP","SNAP INC CLASS A","2,088","$11.3898","$0.54","$23781.36"
"09/16/2022","Stock Plan Activity","SNAP","SNAP INC CLASS A","2,088","","",""
"09/16/2022","Sell","SNAP","SNAP INC CLASS A","111","$11.3898","$0.03","$1264.24"
"09/16/2022","Stock Plan Activity","SNAP","SNAP INC CLASS A","111","","",""
"09/16/2022","Sell","SNAP","SNAP INC CLASS A","501","$11.3898","$0.13","$5706.16"
"09/16/2022","Stock Plan Activity","SNAP","SNAP INC CLASS A","501","","",""
"09/16/2022","Sell","SNAP","SNAP INC CLASS A","236","$11.3898","$0.06","$2687.93"
"09/16/2022","Stock Plan Activity","SNAP","SNAP INC CLASS A","236","","",""
"09/16/2022 as of 09/15/2022","Bank Interest","","BANK INT ...522 SCHWAB BANK","","","","$0.11"
"08/22/2022","MoneyLink Transfer","","Tfr JPMORGAN CHASE BAN, JEFFREY LEE-CHAN","","","","-$15450.00"
"08/18/2022 as of 08/17/2022","Stock Plan Activity","SNAP","SNAP INC CLASS A","1,779","","",""
"08/18/2022 as of 08/17/2022","Stock Plan Activity","SNAP","SNAP INC CLASS A","427","","",""
"08/18/2022 as of 08/17/2022","Stock Plan Activity","SNAP","SNAP INC CLASS A","201","","",""
"08/18/2022 as of 08/17/2022","Stock Plan Activity","SNAP","SNAP INC CLASS A","94","","",""
"08/18/2022","Journal","","Gencash transaction for SPS RS Lapse Tool","","","","-$24411.23"
"08/18/2022","Journal","","Gencash transaction for SPS RS Lapse Tool","","","","-$5857.93"
"08/18/2022","Journal","","Gencash transaction for SPS RS Lapse Tool","","","","-$2758.19"
"08/18/2022","Journal","","Gencash transaction for SPS RS Lapse Tool","","","","-$1295.31"
"08/17/2022","Sell","SNAP","SNAP INC CLASS A","1,251","$12.25","$25.37","$15299.38"
"08/16/2022","Sell","SNAP","SNAP INC CLASS A","227","$12.1787","$0.06","$2764.50"
"08/16/2022","Stock Plan Activity","SNAP","SNAP INC CLASS A","227","","",""
"08/16/2022","Sell","SNAP","SNAP INC CLASS A","107","$12.1787","$0.03","$1303.09"
"08/16/2022","Stock Plan Activity","SNAP","SNAP INC CLASS A","107","","",""
"08/16/2022","Sell","SNAP","SNAP INC CLASS A","482","$12.1787","$0.13","$5870.00"
"08/16/2022","Stock Plan Activity","SNAP","SNAP INC CLASS A","482","","",""
"08/16/2022","Sell","SNAP","SNAP INC CLASS A","2,009","$12.1787","$0.56","$24466.45"
"08/16/2022","Stock Plan Activity","SNAP","SNAP INC CLASS A","2,009","","",""
"08/16/2022 as of 08/15/2022","Bank Interest","","BANK INT ...522 SCHWAB BANK","","","","$0.32"
"07/25/2022","MoneyLink Transfer","","Tfr JPMORGAN CHASE BAN, JEFFREY LEE-CHAN","","","","-$18600.00"
